小说名,作者,分类,状态,简介
一念永恒,耳根,仙侠*幻想修仙,连载中,一念成沧海，一念化桑田。一念斩千魔，一念诛万仙。唯我念……永恒这是耳根继《仙逆》《求魔》《我欲封天》后，创作的第四部长篇小说《一念永恒》
圣墟,辰东,玄幻*东方玄幻,连载中,在破败中崛起，在寂灭中复苏。沧海成尘，雷电枯竭，那一缕幽雾又一次临近大地，世间的枷锁被打开了，一个全新的世界就此揭开神秘的一角……
飞剑问道,我吃西红柿,仙侠*古典仙侠,连载中,在这个世界，有狐仙、河神、水怪、大妖，也有求长生的修行者。修行者们，开法眼，可看妖魔鬼怪。炼一口飞剑，可千里杀敌。千里眼、顺风耳，更可探查四方。
修真聊天群,圣骑士的传说,都市*异术超能,连载中,某天，宋书航意外加入了一个仙侠中二病资深患者的交流群，里面的群友们都以‘道友’相称，群名片都是各种府主、洞主、真人、天师。连群主走失的宠物犬都称为大妖犬离家出走。整天聊的是炼丹、闯秘境、炼功经验啥
斗罗大陆III龙王传说,唐家三少,玄幻*异世大陆,连载中,伴随着魂导科技的进步，斗罗大陆上的人类征服了海洋，又发现了两片大陆。魂兽也随着人类魂师的猎杀无度走向灭亡，沉睡无数年的魂兽之王在星斗大森林最后的净土苏醒，它要带领仅存的族人，向人类复仇！
汉乡,孑与2,历史*架空历史,连载中,我们接受了祖先的遗产，这让中华辉煌了数千年，我们是如此的心安理得，从未想过要回归那个在刀耕火种中苦苦寻找出路的时代。反哺我们苦难的祖先，并从中找到故乡的真正意义，将是本书要讲的故事。
牧神记,宅猪,玄幻*东方玄幻,连载中,大墟的祖训说，天黑，别出门。大墟残老村的老弱病残们从江边捡到了一个婴儿，取名秦牧，含辛茹苦将他养大。这一天夜幕降临，黑暗笼罩大墟，秦牧走出了家门……做个春风中荡漾的反派吧！
天道图书馆,横扫天涯,玄幻*异世大陆,连载中,【2017最火玄幻作品，海外点推双榜第一】张悬穿越异界，成了一名光荣的教师，脑海中多出了一个神秘的图书馆。只要他看过的东西，无论人还是物，都能自动形成书籍，记录下对方各种各样的缺点，于
异常生物见闻录,远瞳,科幻*时空穿梭,连载中,郝仁，人如其名，是个好人，理想是平平安安过一辈子，当个穷不死但也发不了财的小房东——起码在他家里住进去一堆神经病生物之前是这样。一栋偏僻陈旧的大屋，一堆不怎么正常的人外生物，还有一份来
大王饶命,会说话的肘子,都市*都市生活,连载中,灵气复苏的时代，寂静生活碎掉了，仿佛雷霆贯穿长空，电光直射天心，雨沙沙地落下。凡逆我们的终将死去，这就是法则。……这是一个吕树依靠毒鸡汤成为大魔王的故事。
极道天魔,滚开,仙侠*修真文明,连载中,妖魔横行，世人苦难。神兵魔刃，遮耀天下。手机上的一款游戏修改器，意外成了路胜脑海里的异能。也成了他在这个黑暗乱世唯一的依靠。~~~~~~~欢迎加入企
奶爸的文艺人生,寒门,都市*娱乐明星,连载中,“粑粑！”刚穿越到平行世界，就看到有个精致可爱的小女孩喊自己爸爸，杨轶表示有些懵逼。好吧，曦曦是百分之百的亲女儿，而孩子她妈居然是高冷绝美的过气歌后。这乐子闹大
我的1979,争斤论两花花帽,都市*都市生活,连载中,一觉醒来，回到70年代，再次面对过往，你猜不透的结局..........
带着仓库到大明,迪巴拉爵士,历史*两宋元明,连载中,方醒穿了，带着两个仓库穿了！别人穿越是带着王霸之气，方醒却是只想种田！“我只想在这个时代悠闲的活着！”坐拥大别墅，顺便教几个弟子，努力让他们往上爬，好给自己当靠
重生之财源滚滚,老鹰吃小鸡,都市*都市生活,连载中,当重生成为一种潮流，李东也幸运地赶上了重生的马车。上辈子遗憾太多，这辈子且让他一一弥补！看小人物重回2004，亲情爱情双丰收，发家致富两不误！（读者群:2506
不朽凡人,鹅是老五,仙侠*幻想修仙,连载中,在这里，拥有灵根才能修仙，所有凡根注定只是凡人。莫无忌，只有凡根，一介凡人！
龙皇武神,步征,都市*异术超能,连载中,都市修仙至尊爽文！渡劫期大修士凌云魂穿都市，仙武同修，丹药、炼器，画符，布阵无所不能，以无敌之姿逆天崛起，脚踩八方！
废土崛起,通吃道人.QD,科幻*时空穿梭,完本,开局一条狗，装备全靠捡。带着新手福利杀进末世将临的世界。发起狠来，核弹都朝自己头上砸！这是废土之王的崛起之路。验证群：669035131。
斗战狂潮,骷髅精灵,仙侠*修真文明,连载中,双月当空，无限可能的英魂世界孤寂黑暗，神秘古怪的嬉命小丑百城联邦，三大帝国，异族横行，魂兽霸幽这是一个英雄辈出的年代，人类卧薪尝胆重掌地球主权，孕育着进军
全职法师,乱,玄幻*异世大陆,连载中,一觉醒来，世界大变。熟悉的高中传授的是魔法，告诉大家要成为一名出色的魔法师。居住的都市之外游荡着袭击人类的魔物妖兽，虎视眈眈。崇尚科学的世界变成了崇尚魔法，偏偏
我是至尊,风凌天下,玄幻*东方玄幻,连载中,药不成丹只是毒，人不成神终成灰。…………天道有缺，人间不平，红尘世外，魍魉横行；哀尔良善，怒尔不争；规则之外，吾来执行。布武天下，屠尽不平；手中有刀，心中有情；
放开那个女巫,二目,奇幻*史诗奇幻,连载中,程岩原以为穿越到了欧洲中世纪，成为了一位光荣的王子。但这世界似乎跟自己想的不太一样？女巫真实存在，而且还真具有魔力？女巫种田文，将种田进行到底。
民国之文豪崛起,王梓钧,历史*清史民国,连载中,周赫煊回到民国时代，不会带兵打仗，不懂科学技术，不喜从政从商，那他还能干什么？唉，抄书抄诗混日子吧。谁知抄着抄着就成大文豪了，动荡的时局推着周赫煊不断向前。有人
道君,跃千愁,仙侠*幻想修仙,连载中,一个地球神级盗墓宗师，闯入修真界的故事……桃花源里，有歌声。山外青山，白骨山。五花马，千金裘，倚天剑。应我多情，啾啾鬼鸣，美人薄嗔。天地
大魏宫廷,贱宗首席弟子,历史*架空历史,连载中,生作大魏皇子，愿当盛世闲王。志在偎红倚翠犬马声色，胸怀家国百姓社稷安危。若兄贤，若弟明，尔为人王吾偷闲。若尔不能使国强，
美食供应商,会做菜的猫,都市*都市生活,连载中,“在遥远的东方，存在着一个数次拒绝了米其林三星评价的奇怪小店。那里价格昂贵，一碗配汤蛋炒饭288RMB，哦忘了还有一碟泡菜，但就算是这样也有很多人排队等候。那里不接受预定
重生完美时代,公子不歌,都市*都市生活,连载中,老牌程序员出身的李牧，被命运一脚踹回了2001年高考的当口，他欣喜的拍拍屁股，起身便踏上了一条注定牛X的道路。重活一回，李牧有他自己的追求，赚钱只是牛X的初级阶段，至于登上时代周刊、制
超神机械师,齐佩甲,游戏*游戏异界,连载中,韩萧，《星海》骨灰级代练，被来自东（zuo）方(zhe)的神秘力量扔进穿越大军，携带玩家面板变成NPC，回到《星海》公测之前，毅然选择难度最高的机械系。战舰列队纵横星海，星辰机甲夭矫如
顾道长生,睡觉会变白,都市*异术超能,连载中,本以为是写实的都市生活，结果一言不合就改设定！灵气复苏，道法重现，这大概是一个现代文明转变成修真文明的故事。…………本书仍然很墨迹书友群：666-4
帝霸,厌笔萧生,玄幻*东方玄幻,连载中,千万年前，李七夜栽下一株翠竹。八百万年前，李七夜养了一条鲤鱼。五百万年前，李七夜收养一个小女孩。今天，李七夜一觉醒来，翠竹修练成神灵，鲤鱼化作金龙，小女孩成为九
我的姐姐是大明星,卖报小郎君,都市*都市生活,连载中,某年某月某天，姐姐忽然说：“我要做明星。”秦泽淡定道：“老姐，你想被老爹活活打死，我不反对。”姐姐义正言辞：“秦泽，姐姐照顾你这么多年，这个锅，你必须背。”这是
神话版三国,坟土荒草,历史*秦汉三国,连载中,陈曦看着将一块数百斤巨石撇出去的士卒，无语望苍天，这真的是东汉末年？吕布单枪匹马凿穿万人部队，这怎么看都不科学。赵子龙真心龙魂附体了，一剑断山，这真的是人？典韦
全能游戏设计师,青衫取醉,游戏*游戏系统,连载中,游戏设计师陈陌穿越到点歪了科技树的平行世界，用一款又一款神级游戏颠覆游戏圈的故事。“就以这个时代的游戏设计理念而言，不把整个游戏行业吊起来打那我真是枉受国产免费游戏洗礼了。”——陈陌。
逆流纯真年代,人间武库,都市*都市生活,连载中,"时光是一艘航船，有人喜欢把90年代初的那几年，视为曾经那个纯真年代的最后一程。岁月更迭中早已不再单纯的江澈，逆流归来，重启1992,书写一场终于可以被妥善安放的璀璨青春。【欢迎加入逆流纯真年代V"
神藏,打眼,都市*都市生活,连载中,一念之间，沧海桑田打眼带你进入古玩的世界！！！
凡人修仙之仙界篇,忘语,仙侠*神话修真,连载中,凡人修仙，风云再起时空穿梭，轮回逆转金仙太乙，大罗道祖三千大道，法则至尊《凡人修仙传》仙界篇，一个韩立叱咤仙界的故事，一个凡人小子修仙的不灭传说。
超品相师,九灯和善,都市*都市生活,连载中,相师分九品，一品一重天风水有境界，明理，养气，修身，问道。二十一世纪的一位普通青年偶获诸葛亮生前的玄学传承，没有大志向的秦宇，只想守着老婆孩子热炕头，却机缘巧合
俗人回档,庚不让,都市*都市生活,连载中,33岁的报社审读编辑边学道一梦回到高考前48天的高中课堂里，本来想囤房子一心当寓公的中年大叔依靠长年读报纸的信息积累，先后踏足IT、娱乐传媒、大数据、无人机、太空探索、新能源等领域，取得耀眼的成就
逍遥小书生,荣小荣,历史*架空历史,连载中,21世纪工科男，穿越古代成为一名穷书生。大脑里面居然装着一个图书馆，各种知识应有尽有！这辈子不说封侯拜相，怎么也得当个大官玩玩吧？迎着初升的朝阳，李易发下宏愿，勇敢的迈出了
重生之神级学霸,志鸟村,都市*都市生活,连载中,生物系研究僧出身的猥琐胖子杨锐，毕业后失业，阴差阳错熬成了补习学校的全能金牌讲师，一个跟头栽到了1982年，成了一名高大英俊的高考复读生，顺带装了满脑子书籍资料80年代的高考录取率很低
超级神基因,十二翼黑暗炽天使,玄幻*高武世界,连载中,未来波澜壮阔的星际时代，人类终于攻克了空间传送技术，可是当人类传送到另一端的时候，却发现那里并不是过去未来，也不是星空下的任何一片土地……神秘的庇护所世界，无数强横的异生物，人类迎来了
系统的黑科技网吧,逆水之叶,科幻*时空穿梭,连载中,开在异界的网吧，上网看剧玩游戏某武帝内流满面地在网吧门前大喊：“得入暴雪门，无悔游戏生啊！”某仙子玩完《仙剑奇侠传》在网吧门前哭得稀里哗啦！什么你跟我说异界人没
真武世界,蚕茧里的牛,玄幻*东方玄幻,连载中,卷入了三十三天所有巅峰强者的一场浩劫，人皇与他的对手最终一战，打碎了深渊世界，曾经封镇深渊魔王的神器，一张神秘的紫色卡片，却消失在时空漩涡中，横穿无尽的时空。辽阔的蛮荒，武道文明还处于
武炼巅峰,莫默,玄幻*东方玄幻,连载中,武之巅峰，是孤独，是寂寞，是漫漫求索，是高处不胜寒逆境中成长，绝地里求生，不屈不饶，才能堪破武之极道。凌霄阁试炼弟子兼扫地小厮杨开偶获一本无字黑书，从此踏上漫漫武道。
文化入侵异世界,姐姐的新娘,科幻*时空穿梭,连载中,一群巨龙搬着小板凳日夜追看《权力游戏》。精灵大德鲁伊们因为《忠犬八公的故事》而潸然泪下。人类与矮人在《炉石传说》酒馆中为一张传说卡牌而大大出手。甚至就连神明也亲
修真四万年,卧牛真人,科幻*未来世界,连载中,“倘若这宇宙，真是一片残酷血腥的黑暗森林，我们修真者，也会燃烧自己的生命，绽放出微弱的火花！”“哪怕这火花再微弱，再短暂，再渺小，可是只要我们源源不断，前赴后继，终有一日，火花会点燃杂
超级怪兽工厂,匣中藏剑,都市*异术超能,连载中,我叫叶青，幸运获得了一款叫【怪兽工厂】的应用。这帮力大无穷的怪兽，干起活来一个能顶一百个，还带各种技能。效率？加工速度+300%技能一开，你跟我比效率？精度？咳
万界天尊,血红,玄幻*东方玄幻,连载中,天为何物？高高在上，威严莫测，是法则，是戒律，是无情，是冷酷。天意，何也？俯瞰众生，操持风云，褫夺赏罚，随性而为。故，天意不可测，苍天不可近。顺之应之，未必得其
天醒之路,蝴蝶蓝,玄幻*东方玄幻,连载中,冲、鸣、气、枢、力、精、英。魄之七力！感知七魄，造就无数强者。然而，一家不起眼的学院里，少年却面临着被驱逐的危机……
校花的贴身高手,鱼人二代,都市*异术超能,连载中,传奇杀手回归都市，奉旨保护校花！我是校花的贴身高手，你们最好离我远一点，不然大小姐又要吃醋了！【鱼宝宝书友1群333702438（已满），鱼宝宝书友2群41772315
天唐锦绣,公子許,历史*两晋隋唐,连载中,穿越是一件很有意思的事儿，但是当房俊穿越到那位浑身冒着绿油油光芒的唐朝同名前辈身上，就感觉生活全都不好了……
重燃,奥尔良烤鲟鱼堡,都市*都市生活,连载中,程燃重生在这个熟悉又陌生的世界……程程皆燃。官方qq群：263685930
奋斗在红楼,九悟,历史*架空历史,连载中,大周朝，雍治7年冬，美丽、傲娇的小萝-莉林黛玉刚刚进入贾府。现代理科男穿越红楼贾府庶子贾环。如果不想被贾府的猪队友们连累的抄家杀头，就要早做准备。这是一个庶子逆袭的故事。
调教大宋,苍山月,历史*两宋元明,连载中,庆历六年，歌舞升平的赵宋王朝。迎来了一个疯子....亲眼见识了大宋的雍容华贵与温情。起初唐奕只想享受这个时代，什么靖康之耻、蒙古铁骑都与他无关。反正再怎么闹腾历史都有它自己
寒门崛起,朱郎才尽,历史*两宋元明,连载中,这是一个就业路上屡被蹂躏的古汉语专业研究生，回到了明朝中叶，进入了山村一家幼童身体后的故事。木讷父亲泼辣娘，一水的极品亲戚，农家小院是非不少。好在，咱有几千年的历史积淀，四书五经八股文
女帝家的小白脸,袖里箭,都市*异术超能,连载中,这是一个单人徒手拆城墙的世界，女帝养着一只麒麟，大夏皇宫的池子里有龙存在，还有只闻其名的剑山，不时有灵剑下山寻主。任八千紧抱女帝大腿，大步走上人生巅峰。每个成功的男人背后都
蛊真人,蛊真人,仙侠*幻想修仙,连载中,人是万物之灵，蛊是天地真精。一个穿越者不断重生的故事。一个养蛊、炼蛊、用蛊的奇特世界。春秋蝉、月光蛊、酒虫、一气金光虫、青丝蛊、希望蛊……雄山漫道真
超级卡牌系统,黑乎乎的老妖,游戏*游戏异界,连载中,一不小心穿越到了海贼王的世界，肿么办？还好随身带着超级幻想卡牌系统，能抽取各种幻想人物。黑龙波对岩浆果实，八稚女对人妖拳法……（不知道为啥，每次写简介都感觉好无
我要做门阀,要离刺荆轲,历史*秦汉三国,连载中,西汉中期，民生聊困，国势日衰。无数士大夫名士，纷纷高呼：张生不出，奈天下何！？于是，谚曰：张与刘，共天下。本书扣扣群：73927047
逍遥梦路,文抄公,游戏*游戏异界,连载中,深山宅男，一路种种田，养养鱼，做做梦，顺带悠闲成长的故事。咦？最后一不小心征服诸天万界，成为了大BOSS？莫非我还没睡醒？
都市超级医圣,断桥残雪,都市*异术超能,连载中,财法侣地，修行其实是一项非常耗钱的奢侈运动。无意中得到传说中修道，炼丹，医药学家葛洪的传承，淳朴的山里人葛东旭开始努力赚钱。当大多数人还在读高中时，他为了炼丹修行已经开始一边读书一边赚钱。当
火影之活久见,李四羊,二次元*衍生同人,连载中,穿越火影世界，重生漩涡一族，获得属性系统，天赋背景俱佳，漩涡正彦表示很满意。“但是，火影战国是什么鬼？到了木叶建立，我大概得……70岁？”直到有一天，正彦发现了系统
彪悍的人生,新丰,都市*都市生活,连载中,我叫林凡，有个百科全书，什么都会一点点。第一届国际装逼舞台上，参赛选手全部落败。众人：大哥，你装逼为何如此厉害。林凡：我从来不装逼……。彪悍的人生正
间谍的战争,如水意,军事*谍战特工,连载中,作为一个普通人却要向间谍宣战，最好的办法是同样成为一个间谍。作为一个间谍，要向一个实力强大的间谍组织开战，那就加入一个同样强大的间谍组织。如果无法加入任何一个强大的间谍组织，那就自己建立起一个
欢迎来到BOSS队,李古丁,科幻*时空穿梭,连载中,我叫欧阳靖，穿越者，曾用名：欧阳克。因为穿越的关系，我知道很多秘密。所以我不但练成了蛤蟆功，还练成了九阳神功、重剑剑法。现在我终于神功大成，准备去桃花岛提亲，感觉自己即将走上人生巅峰。
重生军工子弟,葫芦村人,都市*都市生活,连载中,工业革命之后，欧洲科技发展数百年，新中国成立不过几十年。普通科技产业，我们需要埋头追赶；在高精尖端领域，我们需要弯道超车。作为一名在军工单位奋斗了数十年的技术人员，谢凯重生了，回到了那
老衲要还俗,一梦黄粱,都市*都市生活,连载中,东北偏远山区的一指山上有一座小庙，名叫一指庙。庙宇不大，却神奇无比。庙中有米，十里飘香。庙中有水，甘甜无比，胜过琼浆。庙中有佛，心诚必灵。庙不大，却
异世界的美食家,李鸿天,玄幻*异世大陆,连载中,在武者举手可裂山川，甩腿可断长河的玄幻世界中，存在着这样一家小餐馆。小餐馆不大，但却是无数顶尖强者趋之若鹜之地。在那儿你可以品尝到用凤凰蛋和龙血米炒成的蛋炒饭。
电影的世界,有梦之人,科幻*时空穿梭,连载中,在电影的世界里唯有不断地变强，才能主宰自己的命运。“当人们看到你成功的光芒，便会忘记你手段的黑暗。”徐一凡如是地说。正版订阅群：636729383
最佳影星,白色十三号,都市*都市生活,连载中,我要躺在钞票堆里打滚！我要做好莱坞巨星！群：323320648。
贞观大闲人,贼眉鼠眼,历史*两晋隋唐,连载中,大唐贞观，天下靖平，山河壮丽，独钟李氏。李靖北击突厥，太宗东征高丽，兵锋之盛，威服四海。待从头，重整旧山河。功臣画像前，李渊拨弹琵琶独怅然，凌烟楼阁上，李世民大醉翩翩舞春风。
大文豪,上山打老虎额,历史*架空历史,连载中,久经商战中勾心斗角，推杯把盏中尔虞尔诈的文学青年陈凯之回到了古代。放眼看去，这里尽是歌楼酒坊，灯红酒绿，才子佳人。好吧，暂时这些和陈凯之没关系。寒门少年一枚，身
史上最强店主,南极烈日,科幻*时空穿梭,连载中,商通万界，让所有人给我打工。周阳意外获得万界商铺系统，交易万千位面。“我曾举行一次小型拍卖会，来到的皇帝就有一百多位，听说还有两个叫李世民的皇帝。”“我曾让神雕
交锋,可大可小,军事*谍战特工,连载中,在一般人眼中，他是平庸、无能、贪婪，甚至有些愚蠢的警察。因为他，经常行动失败，多次无意泄露了重要情报。但他交游广泛，善于溜须拍马和钻营，是军政不倒翁。在日伪眼中，他忠诚、可靠。而在军统的眼中，他是
大道朝天,猫腻,玄幻*东方玄幻,连载中,千里杀一人，十步不愿行。（大道朝天官方一群，群号码：311875513，大道朝天官方二群，群号码：220593959，欢迎加入）
盗天仙途,荆柯守,仙侠*幻想修仙,连载中,福地产生地仙，洞天来往天仙，我有梅花一株，盗取一线天机！
赘婿,愤怒的香蕉,历史*架空历史,连载中,武朝末年，岁月峥嵘，天下纷乱，金辽相抗，局势动荡，百年屈辱，终于望见结束的第一缕曙光，天祚帝、完颜阿骨打、吴乞买，成吉思汗铁木真、札木合、赤老温、木华黎、博尔忽、博尔术、秦桧、岳飞、李纲、种师道、
重生日本当厨神,千回转,都市*都市生活,连载中,作死发下大宏愿，宁愿吃料理到撑死的夏羽，来到一个令他完全陌生的食戟之灵世界。什么，厨神养成？“你要满足的不仅仅是正常人类的食欲，还有各种各样的妖魔，百鬼夜行，用食物感化它们
白袍总管,萧舒,武侠*武侠幻想,连载中,身怀佛家神通，进入国公府成为杂役，江湖之中，庙堂之上，儿女情长，英雄壮歌。VIP群：129395774，全订可进。
直死无限,如倾如诉,科幻*时空穿梭,连载中,“从今天起，你将成为主神空间中的一名主神使者，周而复始的来往于一个个的世界，那样，你会得到别人一辈子都得不到的东西。”从这句话在方里的脑海中响起的那一个瞬间，方里的人生注定变得不再平凡
灵魂导游,顾大石,都市*异术超能,连载中,带着秦始皇去西安看兵马俑。导游秦牧白意外身死被诡异的复活之后，他就接到了一个任务，带一些特殊的人去旅游，而他的第一个任务就是带着秦始皇去西安看兵马俑……
完美人生,刀一耕,都市*都市生活,连载中,李谦重生了。另外一个时空的1995年。在这里，他当然比普通人更容易获得成功。但成功是什么？钱么？或者，名气？地位？荣耀？都是，但不全是。
通天仙路,苍天白鹤,玄幻*东方玄幻,连载中,风雪交加，霜寒刺骨，一个老工匠从街上收养了一个快被冻死的孩子。得军火，锻兵器，一身神技，引得八方相求。习武道，护家国，拳打乾坤，脚踏通天仙路！《通天仙路》书友群：511418664《通天仙
名侦探世界里的巫师,追梦人Love平,二次元*衍生同人,连载中,一个末法时代的鬼巫师车祸被撞死，灵魂穿越，发现自己来了日本，附体在了一个日本人的身上。正想着要在日本闯出一个名堂来，结果顺手拿起一份报纸扫了一眼——工藤新一，日本平成年代的
大道争锋,误道者,仙侠*幻想修仙,连载中,不堕轮回入大千，心传一道在人间。愿起一剑杀万劫，无情换作有情天!…………书友群：大道争锋【217929481】
白银霸主,醉虎,玄幻*东方玄幻,连载中,世界上最珍贵的东西都是免费的，常人却总视而不见，除了空气，阳光，亲情这些最珍贵的东西之外，还有一种最珍贵的东西，就在你的身边，唾手可得，不知道你是否看见？本书读者群：16772645
天影,萧鼎,仙侠*幻想修仙,连载中,阴阳分天地，五行定乾坤。天穹之下岁月沧桑的中土神州，正是仙道昌盛的时代，亿万生灵欣欣向荣。纵横千万里间，总有人间一幕幕悲欢离合，在恢弘长生的仙道中上演着。有光便
重生之最强人生,俊秀才,都市*都市生活,连载中,一次跑步锻炼，殷俊从迷雾中穿出来时，已经回到了78年的香江。这一年，还没有霸占荧幕的综艺节目，没有熟悉的特效大片，也没有耳熟能详的歌曲。这一年，香江电视剧还没有好戏频出，香
疯狂神豪玩科技,为情成痴,都市*都市生活,完本,老司机翻车，居然蹦出个‘土豪系统’。做任务，抽大奖，疯狂散财玩科技，一不小心，苏诚就成了神级土豪。“花钱是件极其无聊的事情，真的，不骗你。”“我这辈子最后悔的事
大宋将门,青史尽成灰,历史*两宋元明,连载中,没有杨柳岸晓风残月，没有把酒问青天，没有清明上河图……一个倒霉的写手，猛然发现，自己好像来到了假的大宋……家道中落，人情薄如纸。外有大辽雄兵，内有无数猪队友，滔滔黄河，老
宠物天王,皆破,都市*都市生活,连载中,【1.下载一款可疑的游戏】【2.捕捉几只神奇的宠物当伙伴】【3.在轻松有趣的日常里，带领宠物店走上崛起之路】读者群：513717593（无粉丝值要求）
永恒国度,孤独漂流,仙侠*神话修真,连载中,2019年9月23日凌晨，天灾降临。天道生变，万灵欲念执念充斥天地，天道不能承受，恶念横行，众生意念演变幻想世界，恶念，善念，执念，欲望纠缠不休，天道无法承受，已到极限，极则变，幻想降
大国重工,齐橙,都市*都市生活,连载中,冶金装备、矿山装备、电力装备、海工装备……一个泱泱大国，不能没有自己的重型装备工业。国家重大装备办处长冯啸辰穿越到了1980年，看他如何与同代人一道，用汗水和智慧，铸就大国重工
烽皇,瑞根,玄幻*王朝争霸,连载中,嬗变的历史，沸腾的大陆，数风流人物，谁主沉浮？崛起于草莽，发迹于战场，纵横于庙堂，且看一个卑微者的皇者之路！
寒门枭士,高月,历史*两宋元明,连载中,当金兵的铁蹄即将踏碎黄河坚冰，他走进了这个繁华如清明上河图的时代
难道我是神,熊狼狗,玄幻*东方玄幻,连载中,“放开那只猫咪！”一颗流星划过天际，无数的超能力出现在这个世界上。但这一次获得觉醒的主角却不是人类，而是猫……于是无数的猫咪脑海中涌现出一个想法：‘难道我是神？
文娱万岁,我最白,都市*都市生活,连载中,这是一个片场暴君肆虐在文娱大时代的故事，一个背负此岸之繁华，成就彼岸之神话的故事——可以说是非常扯淡。ps：已有均订破万作品《文娱教父》，欢迎阅读！
特拉福买家俱乐部,夕山白石,都市*异术超能,连载中,洛邱无意之中成为了一家‘俱乐部’的老板。但是这家俱乐部好奇怪。它不仅仅拥有一个工作了三百年的人偶女仆，而且还会贩卖各种古怪的东西。洛邱渐渐发现，他生活着的社会之中，拥有着多
造化之王,猪三不,玄幻*东方玄幻,连载中,一夜之间，少年叶真突然发现自己拥有了一项奇异的能力！山间虫兽那无意义的叫声，传入他耳中，就变得不太一样。老鼠兄弟吱吱的叫着：兄弟，后山里能让我们体型增长数十倍的宝贝快滴落了，快走！一群蚊子在
我的末世基地车,黑暗荔枝,科幻*末世危机,连载中,末世即将到来，江流石意外得到了一个可以让交通工具改装升级的黑科技。扫描一下，立刻就可以进行改装。什么，你以为我这是中巴车？其实我这是可以在怪物丧尸中横冲直撞，还
最强反套路系统,太上布衣,仙侠*幻想修仙,连载中,原书名《最强装逼打脸系统》！最强反套路，我TM反手就是一个套路，横扫修仙界无敌手，就问一声还有谁？装逼如风，常伴吾身！长路漫漫，装逼相伴！生死看淡，
第三帝国,华东之雄,军事*军事战争,连载中,重生到几十年前的慕尼黑啤酒馆，成为了冲锋队员的希瑞克，勇敢地融入这个时代！横扫欧洲，脚踢英美，拳打苏联！元首不幸遇刺，高举万字旗，希瑞克成为第三帝国的新任元首。
轮回乐园,那一只蚊子,二次元*衍生同人,连载中,苏晓与轮回乐园签订契约，穿梭在各个动漫世界内执行任务。喰种世界，苏晓手持利刃追杀独眼枭·高槻泉十几条街区。顶上战场，苏晓站在海军的尸堆上，遥望处刑台上脸色难看的战国，以及目
一品道门,第九天命,仙侠*神话修真,连载中,二十一世纪道家弟子张百仁，因为触动先天剑胎，逆转时空降临隋唐时空。论道钟离权，斗剑吕洞宾！拂袖压玄奘，一剑退达摩！统御之权，归于至圣，天命帝以司牧，帝承天而抚临
抗日之特战兵王,寂寞剑客,军事*抗战烽火,连载中,徐锐，共和国有史以来的超级兵王，又在某军事学院指挥系深造了三年，在一次对抗演习中意外穿越到了1937年的淞沪战场。此时，淞沪会战已经接近尾声，中国军队已经全面溃败。且看徐锐
基因武道,月中阴,玄幻*高武世界,连载中,基因是人类禁区，是神之领域，掌握了基因的奥秘，那就掌握了神的力量！大名鼎鼎的“基因武道理论”道尽了武道强者力量的来源，练习武功，打破自身基因锁，成就“非人”，这就是武道的真谛。
重生之都市修仙,十里剑神,都市*异术超能,连载中,正式版：渡劫期大修士陈凡陨落在天劫中，却一梦五百年重回地球的年少时代。上一世我登临宇宙之巅，俯瞰万界，却无人相伴。这一世只愿不负前尘不负卿。通俗版：修行五百年的渡劫期修仙者
剑灵同居日记,国王陛下,仙侠*幻想修仙,连载中,“天外神剑剑灵，应呼唤而苏醒，我问你，你就是我的坐骑么？”一个无敌的随身剑灵与天才美少女（们）的同居故事。公众粉丝群：633948707
暴风法神,余云飞,奇幻*剑与魔法,连载中,这是一个穿越到艾泽拉斯世界的小青年，为了爱与正义（不要变成食尸鬼），不畏牺牲（可以跑尸体复活），为了寻觅失落的正义与人性（节操），不停掉节操捡回节操的故事。本人计有275万字《暗影神座
马前卒,枪手1号,历史*架空历史,连载中,不停地战斗，不停的杀敌，秦风是国家的悍将，军队的马前卒，永远冲锋在第一线，用赫赫战功书写着自己光荣的履历，但大变陡至，昔日的功臣，转眼之间却成了国家的罪人，人人得而诛之的叛徒，兄弟血洒疆场，部下反
位面之纨绔生涯,昨夜大雨,科幻*时空穿梭,连载中,我们的故事，从得到一个很‘拉风’的系统开始。从此秦观穿越位面，获得奖励，一步步变强。请注意，本文不是历史文，不是仙侠文，是爽文。
寻找走丢的舰娘,海底熔岩,二次元*衍生同人,连载中,当你脱坑好长时间之后你可曾想过你的姑娘们会怎样？港区因为长官离开而分崩离析；胡德带着声望离开去了遥远的城市，提尔比茨为了生活在画同人本子，弗莱彻为了几个妹妹的生活同时打着几
无疆,小刀锋利,仙侠*幻想修仙,连载中,鹰击长空，鱼跃龙门，熊咆虎啸，万物皆有灵。末法之极，磁极轮转，世界变迁。曾经那个熟悉的世界，已经变得面目全非。当神话变成现实，当传说不再神秘，世界无疆，热血永恒。
大盗贼,泛舟填词,游戏*虚拟网游,连载中,没炒过股，没买过彩票，官道商场一窍不通，陆离发现自己唯一能做的就是玩游戏。好在他是个重生者，凡事都能抢先一步。好在这个时代的游戏产业极度发达，玩游戏玩成富一代的不计其数。
大唐贞观第一纨绔,危险的世界,历史*两晋隋唐,连载中,良田千倾靠山河，父作高官子登科。儿孙满堂享天年，长生不老总活着。现代草根宅男因为判官的失误，附身大唐太子李承乾。上有千古一帝的老爹，下有万世人镜魏征，前有千古贤后的老妈，后
漫威世界的术士,火之高兴,奇幻*现代魔法,连载中,恶魔是我的奴仆，邪能是我的力量，暗影与烈焰伴我左右，我是一名术士。一名术士行走在漫威的世界里。（没系统，靠自己吧少年。）欢迎加入漫威世界的术士书友群，群号码：177873494
超级浮空城,诸生浮屠,玄幻*异世大陆,连载中,建造有史以来最牛逼的浮空城，去探索无尽星海，收集各类可爱的魔物娘女仆。【PS：简介都不许我文青一下。摔！这个够简单粗暴了吧。因为浮屠的读者老司机太多，据说配合本章说阅读会有新奇的体验。
无上崛起,宝石猫,玄幻*高武世界,连载中,紫日当空，天地巨变，皓月有缺，虚空相连！经历了一场被称为大破灭灾难的地球，大部分的生物直接死去，人类在最后的安全区域苦苦坚守，可是他们面对的，不只是变异的凶兽，还有那随时都能破开空间壁
美利坚财富人生,羞涩的小恶魔,都市*都市生活,连载中,从2015年的华夏手游程序员宋大伟穿越附体2006年溺亡的美国少年作家安迪史密斯，既然重生了那么就好好的享受生活吧。财富人生——608930126（已满）财富人生2群——699794748v
跑出我人生,丧尸舞,体育*体育赛事,连载中,重回少年时代的苏祖，得到了一个系统，走上了曾经梦想追逐的体育竞技之路。新书友群：666-502-656
超能名帅,陈爱庭,体育*足球运动,连载中,一个来自中国的菜鸟教练，孤身闯荡欧洲足坛，立志成为世界顶尖名帅。
教练万岁,过关斩将,体育*体育赛事,连载中,《全能运动员》作者过关斩将的新书。跑不快？跳不高？缺乏耐力？体重超标？罚球不准？不会投三分？受伤了？想要康复训练？我来帮你解决！我是一名教练，一名创造奇迹的教练！
变身之萝莉主播,青棘,二次元*变身入替,连载中,莫名其妙变成一只十岁小萝莉，莫名其妙又获得一个‘嘴强王者’系统。她可以在直播的时候，将脑子里面的各种不可思议的骚操作实现出来！绝地求生30杀吃鸡？这真的是基本操
大明望族,雁九,历史*两宋元明,连载中,谚云：天下沈氏出吴兴，吴兴沈氏与汝南周氏、会稽顾氏、陇西李氏、东海陈氏、中山张氏并称中国六大世家。大明中叶，世家郡望早已凋零，沈氏分支立足松江，名声鹊起，为当世显赫望族。只
恶魔囚笼,颓废龙,游戏*虚拟网游,连载中,一款不受任何保护的地下游戏，一群追逐权利、财富、生命的玩家！命不久矣的秦然，选择进入其中——为了活下去的机会！企鹅群（VIP全订：547350184；普通：39236264
重生之最强剑神,天运老猫,游戏*虚拟网游,连载中,重头再来，为了掌控命运，再次进入了这款“活着的游戏”。这一次，他不会在受人所制。身为200级剑王，这一世他要攀向更高峰。游戏赚钱技巧！游戏副本攻略！游戏传奇任务
决战第三帝国,远征士兵,军事*军事战争,连载中,秦川，一个从没上过战场的教授，一个考古学家，因为元首的黑科技回到了第三帝国并成为一名普通的德国士兵，一名被战友认为只会拖后腿的士兵，一名无组织、无训练、无经验的三无士兵，更悲催的这还是德国即将失败
苍穹之上,石三,仙侠*神话修真,连载中,苍穹之下的千年苦修，只为有朝一日立身于苍穹之上！位于洪武天朝和妖族七杀部咽喉要地的天断峡谷中，忽有天降神异之物，裹挟着一众修兵，滚入了浩荡的历史洪流当中……宋征只是其中不那么起
生于1984,老徐牧羊,都市*娱乐明星,连载中,依旧华娱系列…从小鲜肉到大导演…群号：608668087V群：155327545（需订阅截图）
变身路人女主,醉卧笑伊人,二次元*变身入替,连载中,路人女主的搞事方法，一言不合就搞事，搞着搞着就从路人搞成了女主。这大概是一个将没有存在感的自己培养成完美女主角的故事。
寒门状元,天子,历史*两宋元明,连载中,看腻了刀光剑影，鼓角争鸣，或者可以品尝一下社会底层草根的艰苦营生。本书讲述的是穿越大明落魄寒门的沈溪，在这个万般皆下品惟有读书高的年代，用他的努力一步步改变命运，终于走上人生巅峰！
两界搬运工,石闻,科幻*时空穿梭,连载中,自由穿行在现实世界和玄幻世界之间，安静的做一个两界搬运工。PS1：有六百四十万字完本《末世魔神游戏》可解书荒。PS2：群463750414
动力之王,千年静守,都市*都市生活,连载中,被大宇宙的意志给踢回了1978年的陈耕，故事再次开始。
限制级巨星,不如踢球,体育*足球运动,连载中,我胖？我还猥琐呢。贪财？我还手黑呢。这是一个猥琐的胖子带着系统闯荡足坛的故事。限制级订阅群：554175932踢球帮：608815778（进群需全订
我从凡间来,想见江南,仙侠*修真文明,连载中,我从凡间来，到此觅长生。***********我从凡间来普通群：546435549vip书友群：556919537（需全订验证）
我是瓦尔迪,王大布,体育*足球运动,连载中,系统：我的目的不是培养星球上最出色球星，而是培养最逗比的球星瓦尔迪：我可以骂人么？系统：不可以瓦尔迪：%￥#@#￥%@逗逼日常：请在和皇马的比赛中完
铁血德意志,流泪的鱼wyj,军事*军事战争,连载中,强权即真理！铁血首相俾斯麦曾说：“当代的重大问题要得到解决，不能凭演说和议会的决议……要凭铁和血。”军事发烧友秦天，重生成了威廉二世的第五子，即奥斯卡王子。原本只想混吃等死的他，阴差阳
仙界科技,想枕头的瞌睡,都市*异术超能,连载中,“太上老君，护你那金丹干嘛啊？我不拿你的金丹。……这炉子我拿走了哈！”沈冰玩的一款修仙手游忽然连通了仙界，修仙什么的都是浮云，倒是从仙界获得的物品竟然解析出了黑科技，一张新手传送符弄出
机破星河,当年离歌,科幻*星际文明,连载中,梦想是……有实力的人才能谈论的现实。这是一个天才辈出的时代！这是一个英杰遍地的时代！贵族与平民的激烈冲突，联邦与帝国的明争暗斗，蠢蠢欲动的域外……
史上最强师兄,八月飞鹰,玄幻*东方玄幻,连载中,燕赵歌第一次穿越，穿到了武道文明繁盛至极的异世界，一头撞进包罗万象，遍收天下经典的神宫藏书楼里，但随后便是一场天地大劫，连神宫也破灭了。接下来居然第二次穿越，灵魂来到了同一个世界，不知
我是全能大明星,天下第一白,都市*都市生活,连载中,用“碧海潮生曲”唱歌。使“凌波微步”踢球。“降龙十八炒”助我成就美食天王。屌丝“莫白”获得系统，来到位面世界。音乐，钢琴，绘画，篮球，足球，游泳，击
狂探,旷海忘湖,都市*异术超能,连载中,"一个打架不要命,无节操无底线的小痞子，意外穿越到平行空间，摇身变成了一名重案组探员。巨大的身份转换，让他把警局搞得鸡飞狗跳。然而，一个邪门的奇遇系统，却让他屡破奇案，成为了一名个性张狂的痞子神探！"
儒道至圣,永恒之火,玄幻*东方玄幻,连载中,这是一个读书人掌握天地之力的世界。才气在身，诗可杀敌，词能灭军，文章安天下。秀才提笔，纸上谈兵；举人杀敌，出口成章；进士一怒，唇枪舌剑。圣人驾临，口诛笔伐，可诛
浴血兵魂,丑牛1985,军事*战争幻想,完本,元灵星球，因为粮食和石油危机，百年未发生大规模战争的各个国家，突然爆发战争，上百亿百姓卷入战争当中，作为地球人胡浩，第二次穿越到了这个星球，本想环游世界，奈何战争爆发。作为列兵，“
电影教师,青城无忌,都市*都市生活,连载中,拍出最好的电影，教出最好的学生。我是张然，电影导演，北电老师，我为中国电影代言！（华娱小说，非喜勿入。）
电影世界穿梭门,龙升云霄,科幻*时空穿梭,连载中,那一天，一道天雷劈下，王旭没有穿越，他家的大门穿越了。电影，电视剧，动漫，小说，远古神话，这里有无尽的时空，也意味着无尽的可能....普通群：260616572
大牧场主,陶良辰,都市*都市生活,连载中,重生八十年代美国华人富豪家族，天生就有亲和动植物的能力。科迪亚克棕熊悠然坐在屋檐下，龙猫被异国短尾猫追着跑。雪山映在湛蓝天空中，微风吹过草原，罗塔湖面荡起波澜，一望无际的薰
黑科技研发中心,凡核桃,都市*都市生活,连载中,"一个位于深山老林中的研发中心，却汇集了全球所有人的目光,只因这里不时流出的一项成果，就引动着全球的神经。让那些有志直播荒野的主播，有了让金属球跟随的希望。那些想去探寻神秘海"
霸皇纪,踏雪真人,玄幻*东方玄幻,连载中,我的敌人只有两种，一种是跪着的，一种是躺着的。我叫高正阳，蛮荒世界里，最霸道最任性的那个。
调戏文娱,幼儿园一把手,都市*娱乐明星,连载中,风属于天的，我借来吹吹，却吹起人间烟火。……（ps:一本好看的明星文而已，单女主。普通群：600325551，全订群：560860730（需审核）
位面电梯,千翠百恋,科幻*时空穿梭,连载中,一次偶然，东方玉发现老旧住宿楼的电梯，在特定的时间，能够随机传送到小说，电视剧，电影，乃至动漫的世界。从此，人生变得精彩了……V信书友聊天群已经建立，添加V信号410464
至尊剑皇,半步沧桑,玄幻*东方玄幻,连载中,古幽大陆，万族林立，一个小镇中的少年，坠崖重生，掀起一场惊动千古的浪潮。
纯阳武神,十步行,玄幻*东方玄幻,连载中,浩瀚星空下，一个妖魔横行的世界。在这里，流云铁袖可以吞纳风云，九字真言可以降妖伏魔，太极拳剑可以扭动乾坤，这是一个属于武道的大汉天朝。当诸强的后代斩断传承，亿万年的战血蒸干
北雄,河边草,历史*两晋隋唐,连载中,大业六年，强盛的大隋迎来了转折点。这一年，隋帝杨广开始准备征伐高句丽，顺势拉开了隋末战乱的序幕。接下来的几年间，天下板荡，群雄并起。十八路反王，六十四路烟尘，草
明星爸爸宝贝妞,沉入太平洋,都市*娱乐明星,连载中,“妞妞。”“嗯？”“你爱不爱爸爸？”“爱！”“有多爱？”“很爱！”“很爱是多爱啊？”“像天空一样大的爱！”
朝阳警事,卓牧闲,都市*都市生活,连载中,天眼，地眼，不如人眼。社区民警，扎根基层，依靠群众之眼屡破奇案。朝阳群众表示：别犯事，否则你就完蛋了！书友群：457372140（欢迎各位书友加入）
贼警,虾写,都市*都市生活,连载中,面对团伙化，境外化，高智商化犯罪袭击和报复，重案七组几近解散。左罗临危受命成为七组组长，以水逆计划招募苏诚，精诚合作，取长补短，重建七组辉煌。但作为不法之徒的苏诚会真心帮助
刀镇星河,开荒,玄幻*东方玄幻,连载中,三年之后，战死广林山的上官玄昊，以应试弟子张信的身份，再次踏入了日月玄宗的天柱山别院，开始了他刀戡日月，剑削星河之路！开荒官方粉丝群：340513328，刀镇星河书友群：2986318
幻想世界大穿越,辰一十一,科幻*时空穿梭,连载中,当幻想成为现实，天朝少年能否踏上成神之路？拥有穿越异能的陈昂，穿越在幻想世界里。在《永无止境》的世界里，获得超人的智慧，在《超体》的世界里，窥视成神的奥秘，
韩娱之心里的声音,鹤城风月,都市*都市生活,连载中,人的一生，或生的伟大，或死的光荣。当他回首过去的光阴时，可以自豪地说，我的一生并没有虚度。因为……净TMD倒霉了。金泰浩，你给我出来！现
万道剑尊,打死都要钱,玄幻*东方玄幻,连载中,【热血爽文，一日十更！】远古大战，神域崩塌，众强陨落。大战之后，天地受限，世间再无神魔，只留下一座座神秘的远古战场。故事发生在一片由远古战场孕育而生的青火界内。
修炼狂潮,傅啸尘,玄幻*东方玄幻,连载中,这是一个科学与武道并重的时代，大灾变之后，人类发现了超古代修炼文明，开启了一个大修炼时代，并开始了昆仑界的殖民之路！这是一个人类危机重重，同时也是一个热血沸腾的，强者辈出的时代！
无限制神话,废纸桥,仙侠*现代修真,连载中,楚河：有人叫我老司机，有人唤我套路王，还有人觉得我没点数，是个老阴哔，唯有我自己心里清楚，我只是个孜孜不倦的求道者，唯一值得争议的，或许就是奋斗的过程中手段稍微多了一点，其实真的不脏。
仙药供应商,糖醋于,都市*都市生活,连载中,一个闭塞的乡村，半座山，几间房，有人不远千里而来，豪车挤满了山间的小路，因为这里有一个年轻人，一副药可医白骨，活死人！
大明文魁,幸福来敲门,历史*两宋元明,连载中,紫禁城前九重门，百官簪缨南阙来。帽插宫花朝天颜，金殿传胪名声传。十里御街打马过，人称大明状元郎。这是一个现代人在明朝好好读书，天天向上的故事，已有两本两百万字作品完本，人品
武侠世界大穿越,我叫排云掌,科幻*时空穿梭,连载中,一位武学天赋极高的现代散打高手，穿越于各类武侠世界中，一步步成为颠峰强者的故事！
NBA万界商城,远古莱德,体育*篮球运动,连载中,与万千平行位面NBA球星进行交易！艾弗森：“小子，我这穿花蝴蝶步，八折给你！”奥拉朱旺：“小伙子，我看你骨骼清奇，这梦幻舞步就交给你了！”里克-巴里：“额，我这
无限先知,吴杰超,玄幻*东方玄幻,连载中,先知先觉，占尽先机；轮回空间流传的小道消息，让先穿越再被选中的徐越感到有些无语；秘密消息：‘忍村大战’的最后大BOSS叫做大蛇丸，击杀了历代最强影，第三代火影大人。
国际制造商,二将,都市*异术超能,连载中,韩义在路上扫了个二维码，然后桌面上多了个应用。这个应用很奇怪，它可以捕捉到现实里的一切物品，通过解析来重组物品。【滴滴！！电路模块板-Dome-屏幕-前后盖-重组手机！】
神门,薪意,玄幻*东方玄幻,连载中,【超人气玄幻】这是一个诡异莫名的世界……山，水，石，花，草，树，木，太阳，月亮，星辰……天地万物都是力量的来源。这里有着前世所有的经典名著，但却有了一个新的名字《道典》！
乱清,青玉狮子,历史*清史民国,连载中,孤灯一盏，新月高悬，美人如玉，万里江山。一名小博物馆的兼职讲解员，经历了史上最悲催的穿越，死而后生，绝地求存，誓要凭一己之力，祸乱宫廷，颠覆
替天行盗,石章鱼,历史*架空历史,连载中,风本无形，我欲猎风！九州笑傲，替天行盗！青铜巨椁悬浮幽谷，红衣女尸沉睡千年。瀚海地宫斗转星移，冰海沉船阴魂不散。朝代更迭，世纪交接，一场惊天动地的风暴突然席卷神
玄界旅行社,高森,玄幻*东方玄幻,连载中,找工作失败，通宵狂饮，结果却误入专门服务于修士的玄界旅行社！不过，这位前辈怎么看上去有些怪怪的，你怎么会有猫的耳朵呢？等一下，你为什么还会对猫薄荷这么敏感呢？感谢崔莲支援的
综艺之谐星传奇,金印,都市*娱乐明星,连载中,"我的哭不是哭，我的笑不是笑..谐星....娱乐圈一个特殊的产物，每每奉上笑果，但笑完之后只剩下心酸,让人心疼不已的一群人。装疯卖傻、扮丑洋相只是遮掩他们内心的痛处以及倔强."
舰娘之蔚蓝舰姬,紫色之翼,游戏*游戏异界,连载中,我姓倪名浩二。我是一名海军提督。我叫倪浩二但我真的不二。这是一个海军提督和他舰娘们的故事。这里没有心理阴暗的龙傲天，也没有杀伐果断的主角。
继承两万亿,侠想,都市*都市生活,连载中,白小升，一个平凡打工族，继承了两万亿世界级大财团！按遗嘱，他要从底层做起，来一次职位升级之旅。解锁层层系统辅助功能，解锁海量资金，纵横集团下各行各业子公司，笑傲人生。
万古神帝,飞天鱼,玄幻*东方玄幻,连载中,八百年前，明帝之子张若尘，被他的未婚妻池瑶公主杀死，一代天骄，就此陨落。八百年后，张若尘重新活了过来，却发现曾经杀死他的未婚妻，已经统一昆仑界，开辟出第一中央帝国，号称“池
在漫威当超级英雄的那些年,一吨大苹果,都市*异术超能,连载中,一个不小心穿越了，而且穿越了美利坚。好吧穿越美利坚也没什么不好的。但是那个拿着锤子漫天飞来飞去的家伙都是谁！嘿~谁在那里控制雷暴！不知道这种天气影响生意吗！还有那边那个绿皮的大家伙，
我的身体有bug,不是浮云,游戏*虚拟网游,连载中,有没想过在武侠游戏里用魔法，西幻游戏里用武功，石器游戏里开歼星舰？《家园》是一款囊括一切的游戏，玩家可从家园进入一个个不同的游戏，体验不同游戏的同时，从中获得各种稀有道具和技能，通过家
复活之战斗在第三帝国,锋锐,军事*战争幻想,连载中,一个中国留学生因为一起奇怪的飞行事故在欧洲丧身，也因为那件事故使他接下了一个奇怪的任务．复活的他被卷入了二战的硝烟之中．这里讲述的就是他如何为了生存和理想在那个世界战斗的故事公布作者
暗黑破坏神之毁灭,第七重奏01,游戏*游戏异界,连载中,百族亲王的奇幻暗黑大陆战（jie）斗(cao)毁灭史。
历史粉碎机,木允锋,历史*架空历史,连载中,粉碎吧，历史！第一站，1644年，魂穿已经挂进上吊绳的崇祯
黑暗王者,古羲,科幻*末世危机,连载中,灾难爆发，世界末日。幸存者被铜墙铁壁牢牢包围，在壁内建立新的秩序……权欲，信仰，黑暗互相渗透，层层烙印在人心的各个角落。病毒肆虐，人的本来面目何在？
随身带个侏罗纪,木鱼和尚,都市*异术超能,连载中,随身带着恐龙大世界，燕飞原本只不过是想吃点恐龙蛋，尝尝恐龙肉……却忽然发现，自己也能变成恐龙，于是从一只小小的细颚龙开始，生活，变得越来越精彩了……（种田流小说，欢迎试读）
杀神永生,恐怖的阿肥,灵异*恐怖惊悚,连载中,碎尸重生，御鬼把妹，杀神证道！华夏最高学府之中，求道悟佛，外星科技，基因嫁接，恶魔契约等各种成长路线自由选择。迷雾重重的最高学府内，存有至高典籍的图书馆，SCP机构管理的禁
唐朝小闲人,南希北庆,历史*两晋隋唐,连载中,一个千门高手，因为一道闪电，莫名其妙的来到了大唐永徽四年。自此，一个个弥天大谎，让整个世界都为他起舞。不管是刚刚即位不久的唐高宗，还是当下权倾一时的长孙无忌，又或者是未来将
萌神信徒,突然光和热,游戏*游戏异界,连载中,这是一个信仰诸神的世界，这里有百万神灵，神灵的力量涉及方方面面。一个《地下城与勇士》的圣职者玩家，带着圣职者的技能来到了这个世界，随后他创建了一个教会，萌神教。PS：已经有
帝国霸主,龙灵骑士,军事*战争幻想,连载中,第三帝国的元首刚刚死去，主角鸠占鹊巢成了新的元首，身份成疑让他不得不谨小慎微，远大理想让他不得不放手拼搏，且看一个假元首是如何真的成为一代元首。
英雄联盟之传奇正盛,小木不是小暮,游戏*电子竞技,连载中,【2017最爽LOL文】这一年，大魔王横压当世，三星双雄并起；这一年，国内全华班团结一心，势要争冠；这一年，PDD还在上路当皇帝，厂长也不懂4396是啥玩意；
太监武帝,沉默的糕点,玄幻*东方玄幻,连载中,穿越玄幻版中国古代，成为阉党一小太监。太监养成系统启动，目标：称霸阉党，入主东厂；恢复雄风，迎娶未来女皇。杜变发现在梦境中能够预知即将发生之事，躲开灾祸。而且在
都市之国术无双,鱼儿小小,都市*异术超能,连载中,“太极、八卦、形意、咏春……”一块学习芯片，开启无敌征途。抢夺主角气运，穿越三千世界，武破虚空。问苍茫天地，谁是主角？（本书首订358，一年过去了，均订4000，成绩翻了十倍有多，为什么吖？因为文
惊悚乐园,三天两觉,游戏*虚拟网游,完本,这是超越维度的游戏。亦是追寻真理的竞逐。未知的封印，鬼神的赌局……数据的抗争，人类的救赎……在那个连接着现实的虚拟世界——意识决定我们，意识选择我们
我家客人你惹不起,烽火成林,都市*都市生活,连载中,五月一日，死神小学生柯南来家里做客，我被迫卷入到了一场刑事案件中。五月八日，蝙蝠侠韦恩老爷来家里做客，我被迫跟着他去打击犯罪，五月十六日沉默的羔羊汉尼拔来家里做客，我只能说一句，我家的客人你真的惹
重生之2006,雨去欲续,都市*都市生活,连载中,陆恒，一个来自2015年的汽车销售职场精英，重生回到2006年高考前夕。上辈子，因为他的堕落，导致父亲去世，母亲一夜白发，爱情婚姻一事无成。这一世陆恒发誓要抓住当前，崛起于
脑洞大爆炸,魔性沧月,都市*异术超能,连载中,幻想即现实，意淫即真理。当虚假的设定被现实所承认后，无论它有多离谱，那也是真理。‘百分百一箭三雕’，‘强行防御反击’，‘绝对无敌口令’，‘瞪谁谁怀孕被动’……一
滇娇传之天悦东方,耳根,仙侠*古典仙侠,连载中,这是一部短篇小说，讲述的是一代滇国女王的成长史，我若为王，定要四海臣服！
咸鱼翻身的正确姿势,二宝天使,都市*都市生活,连载中,咸鱼翻身粉丝qq群:575283140简介:我叫顾铮，我专怼系统，最强学霸，泡妞系统，随身武器……一个字:怼他
莽穿新世界,楚白,奇幻*史诗奇幻,连载中,当奇幻变成现实，世界是否依旧美好？这是一群穿越到奇幻游戏世界的玩家们，和自己曾经熟悉的世界碰撞，改变自己也改变世界的故事。书友群：122789154（邪神旌旗）
我在明朝当国公,千斤顶,历史*两宋元明,连载中,杨峰穿越了，他来到了大明，但他一点都不高兴，因为他快饿死了。想尽办法回到现代社会的他曾经立志再也不会到那个见鬼的年代了，但他很快就食言了，为了生活他只能一次又一次的在两个时空里穿梭。
最强基因,零下九十度,玄幻*高武世界,连载中,你听过幸运光环吗？当陈锋发现，自己的幸运光环竟然可以自由控制的时候，他就知道，属于他的时代，来了。
无敌天下,神见,玄幻*异世大陆,连载中,强者，永远都是寂寞的，只有战胜寂寞，才能无敌天下！地球少林世家亲传弟子黄小龙携带华夏无上武学秘典《易筋经》莫名穿越到了武魂世界。武魂世界，体内拥有武魂才能修炼斗气成为一名战
西游之穿越诸天,干燥的心,仙侠*神话修真,连载中,一觉醒来，成了西游世界里北海龙王的私生子，没有功法没有宝物血脉稀薄……幸好，我还可以穿越诸天万界。葫芦兄弟、倩女幽魂、仙剑奇侠、宝莲灯……这是一个在西游世界里穿越诸天，在西游世界里证道长生的
神道丹尊,孤单地飞,玄幻*东方玄幻,连载中,绝世强者、一代丹帝凌寒为追求成神之路而殒落，万年后携《不灭天经》重生于同名少年，从此风云涌动，与当世无数天才争锋，重启传奇之路，万古诸天我最强！普通群：273857096。VIP群（只
龙珠之最强神话,枫叶缀,二次元*衍生同人,完本,夏亚，重生到龙珠世界成为了一名赛亚人，而这时距离贝吉塔星毁灭只剩下12年。“多多利亚先生，听说赛亚人的贝吉塔王正忙着造反呢，你觉得我该怎么处理？”弗利萨将酒杯递给旁边的侍从，饶
穿越1630之崛起南美,孤独麦客,历史*架空历史,连载中,辽阔的潘帕斯草原、富饶的巴西、群雄角力的加勒比海……21世纪500人意外穿越南美，一切从生存开始。
湾区之王,磨砚少年,体育*体育赛事,连载中,“中国人，在橄榄球的圈子里绝对不可能取得成功！”“你柔弱得就好像小鹿斑比，根本无法形成对抗！”“你有头脑、有智慧，但缺乏天赋。”陆恪：但，我有系统。
国产英雄,傲无常,都市*异术超能,连载中,王焱同志：在2015年度“华东地区超能者违纪三项全面整治”、“热火朝天大干一百天再争辉煌”、“孤寡女妖送温暖”、“人妖和平共处知识全面普及”等专项工作中，表现优异，成绩突出。荣获‘先进个人’称号，
我的镀金时代,黑色的单车,都市*都市生活,连载中,白实秋回到1999，重启自己的镀金时代。也曾徘徊，也曾激昂，也曾文艺，也曾逗比，最重要的则是找到属于自己的舞台。群：218154038
独断大明,官笙,历史*两宋元明,连载中,天启三年，成了天启皇帝还有信王朱由检的弟弟，然后还做了皇帝。做了皇帝就要干点事情，一不小心还干大发了。独断大明群：177745561。vip群:200269847（全订或者
直播之荒野挑战,土土士,都市*都市生活,连载中,我曾行走在世界屋脊：珠穆朗玛峰的冰冷山脊上；也曾穿越在死亡沙漠：撒啦哈大沙漠的无人区中；我曾从万米的高空，极限跳伞定点进入燕子洞；也曾潜入百米深的百慕大三角深海
娱乐星工场,给您添蘑菇啦,都市*娱乐明星,完本,经营娱乐星工厂，升级录音棚，抽取混音师！雇佣五星编剧，培训四星艺人，努力把普通剧本拍成顶级大片！保持清新，拒绝妖艳！走心制作，欢快养成！书友群：423156138
某美漫的一方通行,月空楼阁,科幻*未来世界,连载中,路一方魂穿到漫威世界，没有获得什么开挂的系统，却在成年之即觉醒成为了强的开挂的变种人，拥有着一方通行的能力矢量控制。于是一个誓要逆转变种人的悲催未来，带领变种人走向辉煌的五级变种人诞生了。
春秋霸途,青铜剑客,历史*架空历史,连载中,现代人方离穿越到“春秋大陆”，获得召唤异能，率三国群英决战春秋战国名将。诸葛亮、周瑜、司马懿同朝为官，曹操、刘备、孙策共聚一堂，四大都督，五虎上将、五子良将并肩作战，同赴沙场。
超凡传,萧潜,玄幻*东方玄幻,连载中,万千星球，无尽修真。道衍之争，万载不息。衍修小师傅米小经，遭受灭门，由此投身到浩浩荡荡的命运河流之中。身怀衍修至宝，又得道家老怪帮助，一路修行，修真世界的图卷徐徐展开。
恐怖广播,纯洁滴小龙,奇幻*黑暗幻想,完本,“听众朋友们，欢迎收听【恐怖广播】，希望您能够好好享受我们节目陪伴你的时光，好了，下面，请您转过头，看一看您的身后，是不是有一张人脸正在微笑着看着你？”——————起点
我的小人国,青衫小白,科幻*时空穿梭,连载中,简介：嘛，这就是讲述某人来到小人国后，发现自己可以一拳镇山河，一脚踢千军，一人敌万国后在现实与小人国皆横行无忌的故事。总结：这就是个女朋友哪里有小人国好玩的故事。ps:现实位面没有超凡者，只有
古董商的寻宝之旅,血蝠,都市*都市生活,连载中,一个古董商人兼古玩藏家带着几十年的从业经验，回到80年代中期自己年轻时。然后，他发现想要找好藏品是如此简单；至于发财？不好意思，还得一步步来......qq群号424089826，欢迎加入。（血
超维术士,牧狐,玄幻*异世大陆,连载中,巫师的地位，在各大陆与泛位面中，超然无上。神秘、智慧、残忍、血腥，俨然是巫师的代名词。但真实的巫师又是什么样的？安格尔在接触巫师世界后，得出一个结论：
巫师亚伯,吃瓜子群众,奇幻*剑与魔法,连载中,穿越了，怎么还带着赫拉迪克方块。骑士很帅，巫师拉风。你说我是做骑士还是做巫师呢？Ｑ群（普通群）：７８７８６８１Ｑ群（VIP群）：７９９９１８６
怪物乐园,酒煮核弹头,玄幻*异世大陆,连载中,八百年前，世界各地的天空开启了三千座虚空大门，宛若三千颗不同颜色的眼瞳悬挂于天穹之上，无数怪物从眼瞳之中汹涌而出。有一击之下能摧城毁墙，体型巨大，以人肉为食的巨型种；有寄生
锋行天下,静物JW,体育*篮球运动,连载中,从前，有个叫乔丹的家伙，开启了后卫盛世。现在，有个污法污天的张茣，他要让联盟进入新的前锋时代。华山论贱，污绝前锋——他，才是真正的张两万！PS：作者
游戏开发指南,我爱厨房,游戏*虚拟网游,连载中,一部游戏开发的科普读物；一篇互联网产业崛起史；一个传奇制作人；一段游戏人生。这本书想写一个游戏圈。ps.作者老策划退役追梦，全职码字，更
进化之眼,亚舍罗,玄幻*高武世界,连载中,出门一把刀，装备全靠爆！网文写手白小文，被一颗神奇眼球带到了百年之后的灵能时代。灵子渗透，变异兽肆虐，灵界怪物入侵，数据化的地球如同一个超大型游戏！我来了，我看
悟空看私聊,李白不白,玄幻*东方玄幻,连载中,说起来你可能不信，郭大路的山寨手机被一道闪电劈中之后，微信好友里莫名其妙地多了一个名叫“孙悟空”的人。孙悟空性情乖张，一言不合就发红包，什么请仙问卜、什么参禅练功、什么朝真降圣、什么筋
崛起军工,安溪柚,军事*军事战争,连载中,年轻的军事装备学研究生柏毅，穿越到1948年，成为一名普通的解放军战士，在这个红日初升，风云际会的年代，柏毅凭借着对军事和装备的独有技术和些许预见，一步一个脚印，踏出一个个永垂青史的辉煌之路。
史上最牛道长,诸羊黄昏,都市*都市生活,连载中,“恭喜宿主，获得三清道长系统，日后您将以振兴道门为己任，任务失败则扌...”啪嗒——“刚刚好像有一只苍蝇？”系统，卒。--------------
就问你气不气,秋刀斩鱼,都市*娱乐明星,连载中,抄抄书，就太监。动不动，搞事情。他是千夫所指的太监王，也是娱乐圈最为痛恨的搅屎棍！——唐健：“哎，我也很绝望啊！自从拥有【气死人不偿命宇宙无敌叫天天不应叫地地不灵系统】后，一分钟不气人
德意志崛起之路,终极侧位,历史*外国历史,连载中,穿越者站在新天鹅堡的露台上，遥望着柏林的方向。那里是帝国的中心。“总有一天，我会让世界都知道，普鲁士不等于德国，当霍亨索伦家族无法让这个帝国崛起的时候，就让南德意志接过他们的责任和荣耀
中国猎人,步枪,军事*军旅生涯,连载中,【枪团荣誉出品】代号107！捍卫陆军老大哥的地位！隶属文化宣传队，但枪法一流，杀人放火样样精通，我们有另外一个名字——猎人突击队！从小兵到军中最年轻
他从地狱来,纯洁滴小龙,奇幻*黑暗幻想,连载中,阴阳分两路，人鬼皆殊途。人知鬼恐怖，鬼晓人心毒。他叫梁川，能听见死者的声音。———————《舵主群》：58798
钻石王牌之投手归来,飞熊骑士,二次元*衍生同人,连载中,大联盟救援投手泽村，重回少年时代，弥补遗憾，寻找梦想，重铸辉煌的故事。故事很长，慢慢看……
一世富贵,安化军,历史*两宋元明,连载中,穿越到北宋仁宗年间，金榜题名，却因为得罪太后，被打发到岭南为官。从边疆小官做起，步步升迁，徐平终于熬到出头天，在宋代书写自己的传奇。从五代乱世走来的北宋，世家大族一扫而空，社会上还没有
燃钢之魂,阴天神隐,游戏*游戏异界,连载中,这是前传奇战士携带系统穿越游戏异界，吊打各路野怪，单手怼Boss，平A救世界的故事。先砍死敌人，再思考问题。====订阅书群：606962637=====源于火
美食猎人,紫蓝色的猪,二次元*衍生同人,连载中,一本冲着黑暗大陆而去的正常向全职猎人同人。....................已完结小说：火影之祸害，刀剑神域之活下去，海贼王之漫漫长路。群号：164434
完美机甲剑神,墨乡,游戏*电子竞技,连载中,进入大宇宙时期的人类，在星空遭遇黑暗魔族，双方血战星空。少年张远重生十年前，借游戏《英雄》加入星空战场，一代机甲剑神横空出世。
抗日之铁血智将,574981,军事*抗战烽火,连载中,574981重新回归抗战军事小说！临危受命反围剿！孤军深入建根据地！孤身一人下江南，看主角如何从一个作战参谋在抗日战场杀成一代战神！
青叶灵异事务所,库奇奇,灵异*悬疑侦探,连载中,我叫林奇，在拆迁办工作，今年年初的时候负责一个旧小区的拆迁。小区中有一住户，门口挂着“青叶灵异事务所”的古怪牌子，屋子被改造成了办公室，废弃多时，积满了灰尘。在办公室的档案柜中，整齐陈
我是虚拟现实游戏公司总裁,恶魔钢笔,科幻*超级科技,连载中,面对各国记者的采访，李昂侃侃而谈：“没有钱了，肯定要做啊，不做没有钱用。”“融资是不可能融资的，这辈子都不可能融资的。”“上市圈钱又不会，只能靠做这个（指游戏）
杀出矩阵：起源,迷路的鱼,都市*异术超能,连载中,Matrix（矩阵），本意是孕育生命的地方，乃一切起源之初。当各种不该存在现实的虚拟怪物出现在现实中时，当人类面对“矩阵游戏”这一前所未有的超自然物体时，一场前所未有的人类危机即将轮回
系统之乡土懒人,乡土宅男,都市*都市生活,连载中,遭村人嫌弃的懒人叶荣耀非常幸运地获得神奇的“懒人系统”，从此不但种地、养殖十里八乡无人能比，竟然还会看病、会武功、会厨艺……，一个神奇的乡土懒人的神奇的传奇就这么诞生了……
征战万界,隔壁老王01,科幻*时空穿梭,连载中,这是一名武者，凭借一杆长枪，征战诸天万界的故事！
星界游民,晨星LL,科幻*时空穿梭,连载中,星河时代，地球联邦与奥术帝国的战争，最终以两个世界的毁灭落下了帷幕。“星环时代”号舰长江枫乘坐的逃生舱，意外穿越了次元壁垒，跃迁到了一片陌生的星域，成为了地球联邦的唯一幸存者。原本只想
英雄联盟：上帝之手,三千勿忘尽,游戏*电子竞技,连载中,作为国内最强战队的队长，电竞豪门的绝对王牌，他将自己最好的青春全部奉献给了战队，然而，当英雄迟暮，等待他的，却是被无情的扫地出门！这一世，当忠诚化为可笑的悲哀，梦想沦为现实的囚徒，白桦
文坛救世主,卖萌无敌小小宝,都市*都市生活,连载中,张楚的文娱人生，从高考满分作文开始。他是悬疑推理大师，都市言情教主，盗墓探险鼻祖，现代文学接班人。华语文坛迎来救世主！-------已有
相声大师,唐四方,都市*娱乐明星,连载中,男问：“这书好笑吗？”女摇头道：“不好笑，都冷死了。”男人解开自己的衣服，柔声道：“来穿上我的衣服，小心着凉。”女人也很感动，笑着说道：“谢谢，裤子就不必了。”
钢铁皇朝,背着家的蜗牛,历史*架空历史,完本,一场绝密级的试验爆炸让萧铭来到一个类似古代的平行世界。在这个满是恶意的地方，他身为最不受宠的皇子，拥有着一块最贫瘠的封地。不过幸运的是，绝密试验中一个名为科技晶石的物品跟随
无限气运主宰,落花独立,游戏*游戏异界,连载中,穿越异界，成为帝国唯一继承人，日后更可继承皇位，没毛病，这很主角！只可惜时不我待，晚生了十几年，未能力挽狂澜于国破家亡之前！只能无奈沦为囚犯，被困樊笼不得逃脱！
奶爸的异界餐厅,轻语江湖,二次元*原生幻想,连载中,诺兰大陆的混乱之城中，有着一家奇怪的餐厅。在这里，精灵要和矮人拼桌，兽人被严禁喧哗，巨龙只能围坐在餐厅前的小广场上，恶魔甚至需要自己带特制的凳子……但就是这么一家规矩奇葩的餐厅，门口却每天都排
诛明,特别白,历史*两宋元明,连载中,他姓朱.他在大明嘉靖年间.他觉得这个时代很太平.他错了.他发现能依靠的只有这口刀.
巨星家族,大佑佑,都市*娱乐明星,连载中,已过不惑之年的沈秋山意外穿越平行时空，苏醒之后发现，自己竟然生在了一个牛叉闪闪的“文娱世家”……二弟是歌手（过了气的那种）三妹是演员（十八线的那种）四弟是武替（
混元剑帝,乘风御剑,玄幻*异世大陆,连载中,“地球华国，我一人一剑，败国内十位武道大师，人称剑圣青墟！”“神荒大地，我持三尺青锋，纵剑天下，剑锋所向，有我无敌，被称为青墟剑尊。”“混沌神域，我剑道大成，剑气十万里，万
英雄联盟：冠军之箭,雨雪紫冰辰,游戏*电子竞技,连载中,一觉醒来重生于熟悉而又陌生的平行世界。有熟悉的老爸，有陌生的后妈，还有个没有任何血缘关系的漂亮妹妹开直播。有熟悉的英雄联盟，有更完善的职体系，还有前世打职业时很难想象的女选
大数据修仙,陈风笑,仙侠*现代修真,连载中,冯君身为985的双学位，毕业就失业了，在都市中艰难打拼，偏偏还放不下架子，他的处境可想而知。直到有一天，他和手机被雷劈了，猛然发现，原来自己可以化身数据，进入app中。化身
浪迹在诸天,巴下客,仙侠*神话修真,连载中,末法时代，历经无量量劫，修炼纪元即将终结，最后的气运结合遁去的一演化至宝诸天棋盘，被末法时代最后一个修行之人得到，开启了一段浪迹诸天的传奇。
冥主,中原五百,仙侠*神话修真,连载中,春衫年少，细雨微茫，他是四季山庄的贵公子。江湖之远，庙堂之高，他是言定天下的谋主。雷峰塔倒，西湖水干，他总也等不到要等的人。…………他是王侯，亦是乞
篮坛少帅,四仰化三铁,体育*篮球运动,连载中,一个来自未来的业余篮球爱好者，孤身闯荡美职篮，成就王朝教父。群：593387120
红楼之庶子风流,屋外风吹凉,历史*架空历史,连载中,外科医生贾琮过劳而卒，魂穿荣府。谱一曲红楼幽梦，唱一世庶子风流。
未来宠物店,维斯特帕列,科幻*未来世界,连载中,开了个宠物店，第一天却收到了只熊猫！这是什么鬼？救命，我不想坐牢啊！书友群：99343033
史上最强狗熊系统,七乐,科幻*进化变异,连载中,阳春三月，冬雪消融，南方已经可以感受到春天的气息，但北方的冰雪依然不愿离去。巨大的古松下，一头足以两层楼高的棕熊正慵懒的从树洞走出，他叫叶青山，是周围近千里的熊王，躺在冰冷的雪地里，啃
懒散初唐,北冥老鱼,历史*两晋隋唐,连载中,武德五年，大唐初立，李渊呆在美女如云的后宫之中，忙着享受自己得来不易的胜利果实，李建成忙着稳固自己的太子之位，李世民忙着觊觎大哥的位子，武将们忙着打仗，文臣们忙着治国，商人们忙着与胡商做生意，农户
山海画妖师,苍知,玄幻*东方玄幻,连载中,古老时代，山海入侵。人类为生存，求道于古老，后得山公教化，传之于三友，借画定义森罗，以妖概述万千，终留画妖师之不世传承。然而，世人只知山海，却不知还有倒山海。1700年前，
不灭龙帝,妖夜,玄幻*异世大陆,连载中,身怀绝世血脉，少年自北漠拉棺而来，他要将世上神魔全部埋葬。
我是仙凡,百里玺,仙侠*幻想修仙,连载中,仙侠和种田结合。一名少年无意打开灵台，识海发现方寸灵山。从此种仙稻，养灵药，开洞府，开辟一片桃源仙境，踏上修仙之路。-------------------百里玺官方粉丝群：
神级农场,钢枪里的温柔,都市*都市生活,连载中,遭遇人生低谷的夏若飞意外发现祖传画卷中竟内含乾坤，自带一方独立的小空间。空间里有促进植物生长的灵潭水，有医治百病的神秘灵花，还自带十倍时间流速，栽什么都是精品，种什么都长得飞快，养什
时代巨擘,百刹,都市*都市生活,连载中,遮天公司，一手遮天！穿越1973年，和世界首富比尔·盖茨成为哈佛大学同学！“盖茨，跟哥一起辍学吧，咱们把微软公司建立起来，哥以后带你去纳斯达克敲钟！！！”穿越1
超级仙学院,尺长寸短,都市*异术超能,连载中,都市中有这样一所学院，它不教人数理化，而是教人武功秘法，神功异能，仙术神通。学院的老师也不是一般的老师，而是来源于各个小说以及影视位面的响当当人物。楚留香：“论让妹子倒贴的
电影世界大盗,七只跳蚤,科幻*时空穿梭,连载中,窃钩者诛，窃国者侯，盗窃一方世界又何如！穿梭电影世界，盗女主，盗宝物，盗一方气运，无所不盗。主角们一个个哭喊着：“我的大气运！”“我的大造化！”
浴血兵锋,丑牛1985,军事*战争幻想,连载中,从地球穿越到紫灵星球的李流，决战场，一战成名！成为国家军部重点后备人才。斗杀手，杀佣兵，驱逐古武世家。为保卫国家，领兵作战，杀场染血！这是从一个小兵成长为铁血将
盛唐剑圣,无言不信,历史*两晋隋唐,连载中,盛唐三绝：李白的诗、张旭的草书、裴旻的剑。一个中文系的学生穿越成了史上唯一一个经由国家承认的剑圣裴旻，青锋三尺，天下无敌，上揽九霄寰宇，重铸盛唐诗篇。
最强医圣,左耳思念,都市*异术超能,连载中,带着一身通天本领强势回归。会治病、会算命、会炼药、会摆阵、会炼符……“这个世界上没有我办不到的事情！”——沈风。——————————————————读者群：53
走进修仙,吾道长不孤,仙侠*幻想修仙,连载中,普通版：当一个科研人员穿越到借科学方法探求天地的世界……王崎：我们的口号是——学好数理化，修仙问道都不怕！CCTV10版：《天演图录》为何与进化论有
大劫主,黑山老鬼,仙侠*修真文明,连载中,一卷道元真解，暗藏大道玄机，一术推洐万法，三千大道在胸。寒门少年崛起，苦读十年窥得真经！终得一剑出玄黄，只手护苍生！三千年大劫降世，亦只作掌中神兵，从此仙路上，
神级大魔头,拉姆,玄幻*东方玄幻,连载中,“无耻夏平，抢我秘籍，夺我丹药，夺我未婚妻，我和你不共戴天。”“他是武道之耻，人类蛀虫，是人渣败类。”“无恶不作，连三岁小儿的棒棒糖也抢，老人过马路都不扶。”“
大明妖孽,冰临神下,历史*两宋元明,连载中,天上有神，世上何以妖孽横行？天上无神，心中何以疑惑重重？明朝成化年间，号称“狐生鬼养”的一群锦衣校尉，奉命在无神的世界里寻找真神，在有限的生命里寻找长生之道。
诅咒之龙,路过的穿越者,奇幻*另类幻想,连载中,一个穿越者穿越到异世界后，做不了人的生活……故事从石头里蹦出来之后开始……
农家仙田,南山隐士,都市*都市生活,连载中,神秘空间，偏僻山村。从繁华都市回归的小农民，开启了他的传奇人生。荒野庙宇，武林宗派，让平静的山林渐变喧嚣。李青云说，其实我只是个农二代……闲时进山打
执魔,我是墨水,仙侠*幻想修仙,连载中,师父说，上了手的女人，就要一生一世保护好。师父说，修魔很难，一入魔道永不回头。师父说，天圆地方，那圆是圆满，那方是心的棱角，是对命运的忤逆，是对天的不顺从。我的
动画世界大冒险,穷四,科幻*时空穿梭,连载中,买了个国产动画片故事合订本，邱明发现能穿越到经典国产动画片的故事世界。而这个世界，并不是你知道的那样。神仙、妖怪，蛇精、狐女，统统都有着另外一面。三个和尚竟然各怀神通，初见哪吒还是一个
唐朝好舅子,晨风天堂,历史*两晋隋唐,连载中,大唐如诗篇、长安美如画。苦力级写手穿越大唐。盛世大唐多了一个乡野小民，一个让世界颤抖的小民。唐的文明与太阳一样照耀每一片阳光之下的土地。群号：274
娱乐大顽家,五陵,都市*娱乐明星,连载中,星探韩歌手机上多了一款软件，能看到别人的天赋，演员、歌手、主播、球星……世界上的每个人都是独一无二的，有人擅长唱歌，有人擅长演戏，有人擅长踢球，还有人擅长……韩歌不禁感慨一
在仙界当漫画家,寻雾者,仙侠*幻想修仙,连载中,“大家好，我是食神，前几天《药王之灵》大火，天帝看了之后整天怀疑我在他妃子的菜里下药怎么破？”“大家好，我是招财童子，前几天我家财神大人看了《仙法少女伊利亚》，这几天都不出去撒币，改呆
无敌真寂寞,新丰,玄幻*东方玄幻,连载中,林凡来到异界，成为了一名光荣的普通弟子，原本身处在随时都能被人打成翔的处境中，可突然间，情况不对了。系统开启。叮：抽中永恒级BUFF：不死之身。这一刻，整个世界
环城术士,黑袍雷斯林,科幻*时空穿梭,连载中,继承来自环城女士的遗赠，沈言成为能吞噬血脉的环城术士。精灵术士，魔法弓箭双能卫，后排无敌；炎魔术士，火焰风暴洗地，召唤恶魔军团，力敌万军；苍白术士，巫妖围攻浑不惧，负能量等加血
天神诀,太一生水,玄幻*东方玄幻,连载中,【火爆玄幻】一滴魔血，照破山河万朵。一卷古经，湮灭日月轮回。一部神诀，埋葬诸天至尊。杨青玄得天命传承，修无敌之法，开启了一场碾压当世无数天才，通往万古不朽的强者之路！“我一向以德服人，不服的都是死
从仙侠世界归来,发狂的妖魔,都市*异术超能,连载中,五年前，萧凡突然神秘失踪，生不见人，死不见尸，没人知道他其实是去了一个广袤无边，仙神林立，妖魔横行的仙侠世界。五年后，萧凡已经在那个仙侠世界度过了漫长的五千年，带着一身神秘莫测，通天动地的能力，
宠物小精灵之庭树,轻泉流响,二次元*衍生同人,连载中,琉璃市，与米可利作为协调家的代表迎战传统训练家，奠定了华丽大赛的地位。栖水市，成为史上最年轻的高级培育家，名字被永久记载于培育家协会。华蓝市，以训练家的身份重归故乡，单宠吊
悠闲修道人生,钓鱼1哥,仙侠*现代修真,连载中,罗天旺在河里游泳的时候，意外获得古龟甲，获得仙缘。懵懂少年开始一段神奇的修仙之旅。老鱼的第三本修道类小说，敬请关注！
万历1592,御炎,历史*两宋元明,连载中,这世上有太多的未解也注定无法解开的谜团，比如萧如薰就不知道为何自己能从末世回到五百年前的大明朝。万历二十年，是最好的时代，也是最坏的时代。距离神州沦陷还有一个甲子，挽回一切
侠行天下,zhttty,武侠*武侠幻想,连载中,武侠从没死去，侠，一直都在心中，侠不一定非得是封建社会，甚至不一定得是有门派，有江湖，侠，其实是我们的梦，那种路见不平，拔刀相助，那种十年磨一剑的梦。这本书的开始，就叫作十年一剑，故事
最后一个使徒,卷土,玄幻*异世大陆,连载中,黄沙掩埋了白骨，夕阳下的风中，有着血腥的味道。大陆的痛楚，在朝着四面八方扩散，当大爆炸的历史出现拐点的时候，当巨大的钢铁要塞横亘而过，遮蔽住人们视野
穷鬼的上下两千年,非玩家角色,历史*架空历史,连载中,她曾经历了长平之战，见证了数十万人的坑杀。她曾率领大秦铁骑，与六国逐鹿天下。她见过天下三分，山河破碎。也听过那袅袅的隆中琴音。贞观盛世她曾一醉今朝，那千古女帝又是如何芳华？她鲜衣怒马过，也曾羽扇纶
革命吧女神,草上匪,奇幻*史诗奇幻,连载中,李奇被革命女神丢到异世界，这里漫天神魔，超凡如狗，奋斗出个吃香喝辣的前程就很辛苦了，女神却要他在这里掀起轰轰烈烈的凡人革命。没有女巫，只有魔女。枪炮炸药蒸汽机打不过神术魔法灵力，只能运
汽车黑科技,蠢蠢凡愚QD,都市*异术超能,连载中,李凡愚在课堂上睡了一觉，醒来便发现熟悉的汽车品牌都不见了。没有宝马奥迪，没有路虎宾利，没有保时捷法拉利...民族汽车更是倒退了十年，国内市场被外资霸占。更离谱的是手机里多了个Xapp，牛掰的
读书成圣,苏牧武,都市*都市生活,连载中,读书学技能，就问你怕不怕！读《刺客列传》领悟闷棍，读《唐诗宋词》掌握撩妹核心姿势。读书……其实是一件很残暴的事儿。【书友交流群：575508976】
信仰诸天,朝不保夕,玄幻*东方玄幻,连载中,凡人世界，他是韩跑跑手中一具诡异的傀儡；我欲封天中，他是孟浩又敬又怕的师叔；仙逆世界，他是与王林把酒言欢的生死之交；盘龙世界，他是挽狂澜于既倒的光明教皇；遮天世界，他是狠人女帝不愿成仙只为在红尘中
凡人修仙传,忘语,仙侠*幻想修仙,完本,"一个普通山村小子，偶然下进入到当地江湖小门派，成了一名记名弟子。他以这样身份，如何在门派中立足,如何以平庸的资质进入到修仙者的行列，从而笑傲三界之中！续篇《凡人修仙之仙界篇》已经在起点"
造车,榕之子,现实*成功励志,连载中,“我想造车！”韩皓一本正经说道。“就你——”周围的人都笑了，其中有人出言讽刺道。“别人造的汽车都是用钱买，而你韩皓造的汽车得用命买！”面
海贼之雷神降临,焉得羽翼兮,二次元*衍生同人,连载中,围绕着自由与梦想为主题而又波澜壮阔的海贼世界，忽然闯入了一个不速之客！没有力量就一无所有的世界中，是选择甘于平淡碌碌无为，还是用自己的命为赌注搏出一条通天大道？“疯狂与肆意，畅快与刺激！我追寻
魔法种族大穿越,残酷厕纸天使,科幻*时空穿梭,连载中,法爷为何修真？地精因何舞光剑？凝聚神格+四九天劫=What？自晶壁破裂，‘轮回殿’坠落物质位面以来，恶魔猖獗，天下纷争，魔鬼、亡灵、巨龙接踵而起，诸神失格，苍生涂炭。主位面有累卵之危，
巫师不朽,两只陈洁南,奇幻*史诗奇幻,连载中,这是一个二次穿越的穿越者，在巫师世界踏上巫师之路的故事。在末日世界猎取晶核，在始祖世界提取血脉，在诸神世界猎杀诸神...身带穿越异能，穿梭无尽世界，掠夺无尽世界的知识与资源，成就自身巫
东京绅士物语,黑暗风,都市*都市生活,连载中,这是一个关于被外星人绑架后送回地球的少年的故事，然而这个地球好像有哪里不太对；这是一个关于可爱的男孩纸在日本做动漫和游戏的故事，然而魔法少女是shenmegui；这是一个有
郭大炮的文娱生涯,大江入海,都市*都市生活,连载中,一个莫名其妙得了另一个平行世界记忆的家伙，野蛮粗暴的一头扎进了文娱圈。他像一个鲶鱼一般，搅的整个文娱圈鸡飞狗跳，人人见之变色。他是一个不是明星的明星。是一个会说
大国文娱,香港大亨,都市*娱乐明星,连载中,林棋发现一道可以穿越回到过去的门，门的对面是1979年。美国好莱坞正在全球攻城略地，日本动漫游戏已开始向全球辐射影响力……拥有五千年灿烂历史文化的华夏文化领域却已落后世界半个世纪……
宋末之乱臣贼子,堕落的狼崽,历史*两宋元明,连载中,李璟穿越到北宋末年，成为梁山附近独龙冈李家庄扑天雕的儿子。从此历史的车轮就在这里转了一个弯。他是宋徽宗的弟子，却使赵家诸子夺嫡，自己在暗地里挖着大宋的墙角；他是宋钦宗的股肱之臣，却睡了
重生之魔教教主,封七月,武侠*武侠幻想,连载中,意外身亡，楚休发现自己竟然穿越到了游戏世界《大江湖》当中，成为了游戏中还没成长起来的，第三版的最终反派大boss，祸乱江湖的魔教教主！《大江湖》当中融汇无数武侠背景，有东岛之王天子望气
电弧中的高级玩家,大脸猫脸大,科幻*超级科技,连载中,"专业维修核潜艇，核弹头翻新,改装,抛光,喷漆.回收二手航母,大修核反应堆,、清洗航母油槽、航天飞机保养换三滤.高空作业擦洗卫星表面除尘.星球设计，批发歼10，F22F35B2轰炸机，各类核弹头"
天神学院,写字板,仙侠*幻想修仙,连载中,这是~什~么~鬼~~？”只见一位身穿华丽银甲的绝美少年，一边把玩着身后伸过来的圣光羽翼，一边无比震惊的说道。而他所在的地方，是一间足足有数千平方米的巨型白色大殿，四壁和穹顶
我真不是开玩笑,曾经拥有的方向感,都市*都市生活,连载中,被星际时代大文学家记忆撑爆大脑，唐准醒来后发现重生在了平行世界。书写出脑海中的星际时代道韵图，普通人中的天才们看了就可以暂时觉醒异能，一步步向真正异能者进化，唐准面临的问题是如何让更多
英雄联盟之天王时代,妖冶娴都,游戏*电子竞技,连载中,【作者段位最强王者】单排王者前三，被称为“rank第一上单”的苏杭一觉醒来，发现这个世界变了。“什么？WE战队是草莓微笑厂长若风卷毛5人组？”“卧槽？CLG.E
全民进化时代,黑土冒青烟,玄幻*东方玄幻,连载中,“我要是能够重活一次，这天下也就没谁了。”林真虽然是星境武者，却憋憋屈屈的过了一辈子，从地球时代开始，到人类大迁徙走出太阳系，他一直都没混出个人样，一辈子无数的仇没报了，无数的愿望没实
大宋好屠夫,祝家大郎,历史*架空历史,完本,《诗与刀》，已签约上传，必不失望。郑智穿越到了北宋水浒世界，变成了那个被鲁提辖三拳打死的镇关西、郑屠户。北宋末年，战乱四起，群雄逐鹿，华夏式微。正是英雄用武之地。
女帝的大内总管,狐不悲,二次元*原生幻想,连载中,作为“神秘学”爱好者的周安一直都相信，这世界有神仙存在，他练过气功，学过法术，曾在地摊上以十三块五的价格，买过几斤秘籍，也曾在古玩市场上淘过丹方，用微波炉练过丹。所以他死了！被自己练得
捡宝王,全金属弹壳,都市*都市生活,完本,爱黄金，爱白银，更爱星光璀璨的宝石。枪械，珠宝，还有贵金属，收藏家的世界怎么能少了古董？仓库拍卖，旧货交易，房产收售，还有淘金挖矿，其实要想赚钱那么寻找传说中的宝藏才是王道
大唐风华路,山下出水,历史*两晋隋唐,连载中,穿越成为李世民的私生子，然而并不知道自己的身份。有个童养媳，种着几亩地，没事发明点东西，慢慢将一个烂泥村落发展起来。韩跃感觉这种日子挺好，如果没有人打搅他情愿一辈子都这样。
我被系统托管了,木恒,科幻*进化变异,连载中,系统有了，身体却没了，重度拖延症晚期患者方宁开始了自我救赎（苟且偷生）之路。作品讨论群号：294035360有意见联系作者请加群
移动藏经阁,汉宝,玄幻*东方玄幻,连载中,白晨的脑袋里藏着一个藏经阁，藏经阁里收尽天下武学……开通了公众微.信.号，可以微信搜索订阅公众号‘汉宝的梦’，即可与汉宝互动。
魔法与万象卡牌系统,威馆长,二次元*衍生同人,连载中,“什么？你是位战士！”“终结者上，踢死他！让他知道没有钢铁般的意志，不配叫战士。”“还有提莫，去把墙角装隐身的那个盗贼给我擒下，以后你就用他实验新品种的蘑菇。”
全知全能者,李仲道,都市*异术超能,连载中,得到了鉴天镜碎片后，许广陵能够梦中沟通他人意识，于一夕之间，便获得、领悟并深谙其他人毕生积累的知识、技能、经验、传承等。就这样，一步一步，许广陵走上了自身也不知将通向何处的道途。
在下慎二，有何贵干,烂衣奸少,二次元*衍生同人,连载中,昏暗的地下室，阴湿的墙壁，异样的近乎恶心的环境。干瘦的老者在狞笑，幼小的女孩在哭嚎。虫子，无数的虫子如潮水般涌向女孩，仿佛想要将她彻底啃食殆尽。女孩下意
悠闲乡村直播间,名窑,都市*都市生活,连载中,乡村小直播，大看台。直播奖励多，上山打猎配良弓，下水捉鱼好网兜。山间野趣欢乐多，卖萌宠物不能少。开山路，下地河，采摘野果，直播乐事多。玩玩乐，赚赚钱，逗逗狗，撵野猪。乡下小直播
神魔供应商,何处不染尘,玄幻*东方玄幻,连载中,我种下一颗种子，收获无数的果实…回忆着歌词，江太玄看了看自己的药田，用力把嫦娥摁了进去。“来年，我要收获无数嫦娥！”专业种植，培养，租借，出售，回收一切神魔，一
诸界末日在线,烟火成城,科幻*时空穿梭,连载中,当游戏中的第一件法宝出现在现实世界，所有人类都为之陷入疯狂。这是最好的时代，人们进入游戏，将装备、神通、修为统统带回现实世界；这是最坏的时代，游戏中的妖魔侵入现实，实力恐怖
科技图书馆,孤胆蚂蚁,科幻*超级科技,连载中,科技图书馆：科学的至高境，就是神学；长生不老，飞天遁地，呼风唤雨，移山填海。这些神话传说，科学是可以实现的。想拿这些技术，必须拥有科技图书馆最高权限。一次意外的救人，让陈默
王者荣耀直播穿越系统,疯狂的石头怪,游戏*游戏异界,连载中,我，李白，打钱……哦不，打赏！这里是王者荣耀的世界，魔道与机关术并行，吞噬生命的魔种，潜伏在人类中的觉醒者，稷下学宫的诸子，秦楚汉魏蜀吴宋唐的八国争霸......从大唐边
网游之全球在线,笙箫剑客,游戏*虚拟网游,连载中,史上第一款集个人冒险+领地建设+位面战争于一体的跨时代网游《地球Online》，全球玩家在线，群雄争霸。且看重生后的主角如何建设领地，招募历史猛将名士，搅动风云，成就帝王霸业！（PS：
我修的可能是假仙,明月地上霜,二次元*搞笑吐槽,连载中,嫦娥仙子为何半夜飙歌，七仙女为何夜偷蟠桃，各方神兽为何屡遭黑手，数百名仙人集体跳广场舞的背后又隐藏着什么？这一切的背后，是神仙的抽疯还是道德的沦丧？让我们跟随小说，走进修了假仙的安林的内心世界
重塑人生三十年,皇家雇佣猫,都市*都市生活,连载中,吾十有五，而志于学，三十而立，四十而不惑，五十而知天命……从1996开始，重塑一生中最精华的三十年……这是一本带点文艺的重生文……书友群：317016406
偷香,墨武,历史*秦汉三国,连载中,点灯摸金欲偷香，盗亦有道我张扬！穿越到三国时期的单飞，才知道三国并非只是武将的天下。接触三香传说后，逐渐知晓这世间的混战，暗藏着惊天的秘密。三国乱世，只不过是为了延续完成上古先秦的一个
最强炊事兵,菠菜面筋,军事*军旅生涯,连载中,不管用什么样的食材都能做出美食，这才是好厨子！——《菜谱系统》炊事兵QQ群66189641微信群二维码在QQ群相册炊事兵全订群555273557
火影之最强卡卡西,墨渊九砚,二次元*衍生同人,连载中,九尾之夜，来自现世的灵魂与卡卡西的灵魂相互融合，一个全新的旗木卡卡西诞生了！刀术！雷遁！写轮眼！正版书友群：555050388
巅峰文明,大烟缸,游戏*游戏异界,连载中,王强是一个酷爱挑战最高难度游戏的超级玩家，他加入了一群由高维超级生物，也就是俗称神的家伙们主导的建设争霸流游戏，从史前石器时代建立自己的文明与其他玩家文明在不同的时空竞赛。波斯战象，蒙
总裁校花赖上我,鱼人二代,都市*都市生活,连载中,【鱼人新书】杀手兵王楚楠归隐花都来退婚，刚下火车就被抓去冒充霸道美女总裁的男友！我可是来退婚的，你怎么都赖上我了呢？【鱼宝宝书友1群333702438（已满），鱼宝宝书友
我的目标是冠军,红豆儿啊,游戏*电子竞技,连载中,AD，是一种信仰。C是一份承诺。自从微笑将carry的责任赋予了AD这个位置，那么，我的责任就是将ADCarry延续下去！重回到S5赛季之初，即将迎来最辉煌和最低谷的lp
绝世天君,高楼大厦,玄幻*东方玄幻,连载中,武魂万千，神道无上，我只问一句，可无敌否？青藤通天，苍穹为牢，万载神液化天骄，我只问一句，可无敌否？若世上无无敌之法，那便做无敌之人！——郑十翼【送给新读者的简介】这里有最热血的故事，这里有
帝国重器,周硕,都市*都市生活,连载中,胡文海好不容易重生了，准备抡圆了狠狠折腾一回。抢占美国在电子领域的经济奇迹，终结美国人用美元抢劫全世界的美梦，和美利坚比赛航母下饺子。他玩航模玩出无人机，卖电池卖成汽车霸主，用安225
主神大道,古月居士,科幻*时空穿梭,连载中,时间游荡，生命掌握在谁的手上?星河浩瀚，尘埃浮游漂向到何方?悠悠苍古，是谁在历史的长廊歌唱?长发满头，忽抬头凝望一生的时光?朝花夕拾，物飞流光。谁才是历史长河中璀璨的星光?成王败寇，
重生之奔腾年代,镔铁,都市*都市生活,连载中,牛仔裤、交谊舞、录像厅和租书店，这是个奔腾的年代，更是个改革开放枭雄辈出的年代；功利、狂躁、偏狭、荒谬混合在一起，使那个时代铸造成了前所未有的、不断突破禁区的大时代。而陈天朗就在这样的时代重生了，
天路杀神,撞破南墙,玄幻*异世大陆,连载中,叶信崛起于异世死囚营，在这个充满欺凌与杀戮的世界，生存似乎才是人生的永恒命题。背负两世血仇的叶信，不甘作命运的弃儿，他誓要在艰难的修行路上，凭着这几尺血肉之躯打破命运的枷锁，挥戈斩旗、杀君弑神，闯
强人,张小花,都市*异术超能,连载中,强人，古意指的是强悍而凶暴的人。近义是本领高的人。巧得很，我们就是要讲一个这样强人的故事。
绝对交易,隐语者,科幻*时空穿梭,连载中,世界上没有什么事情是一次交易不能解决的，如果有，那就进行纯（ang）洁（zang）的交易。说出来你可能不信，跟我交易过的人遍布诸天万界。交易，是一项有利于身心健康，让人无法
诸天万界反派聊天群,不要尬舞,科幻*时空穿梭,连载中,这个穿越画风有些不对？开局就是地狱难度是个什么鬼？还好自带一个金手指。从此以后踏上了诸天万界各大反派人生导师的不归路！露出一脸和善微笑的雄霸正指挥着风云怒肛帝释
勒胡马,赤军,历史*两晋隋唐,连载中,宁平城之战掀开了西晋政权的终章，根据史书记载，上起王公大臣，下至将吏兵丁，尽为胡军所杀，竟“无一人得免者”……不，在尸山血海里，还是有一个年轻人爬了起来，他手执一柄如意，狠狠地向胡帅额
变身超毒舌少女,松子不吃糖,二次元*变身入替,连载中,1.人活着就为了……2.在这物欲横流，人心冷漠的世界，只有这又白又软的？？还有一点温度3.这个世界有中子、原子、质子，以及…………总结：文抄、搞事、
网游之我是武学家,铁牛仙,游戏*虚拟网游,连载中,你是战士，攻高防高？看我反抓摔投，拳拳到肉。你是刺客，身如鬼魅？看我以静制动，一招制敌。你是法师，火力十足？对不起，有没有听说过天下武功，唯快不破？哥不是针对某
都市种子王,七星荔枝肉,都市*都市生活,连载中,来自天外的种植传承，能培育超凡的种子。种田何必乡间农田，养鸡无需山林野地。想在客厅的天花板上采摘葡萄吗？想在床头种一棵冰淇淋果吗？想足不出户，每日收
驭房有术,铁锁,灵异*风水秘术,连载中,进城闯荡的小阿姨衣锦还乡，张禹的老妈心动了，决定让儿子前去投奔。不曾想，所谓的豪宅就是一个三十平米的出租屋，更为要命的是，小阿姨经营的房产中介都快交不上房租了。风水卖房、风水装修……张
山沟皇帝,雨天下雨,历史*架空历史,连载中,主角他爹做了一个梦，以为自己是真命天子，然后一个破道观的道士也是掐指一算，说他是九五之尊，于是乎这个连县城都没去过的地主就在小山沟里称帝建国了。（根据书友反馈，本书节奏超快，三章就称帝
中华武将召唤系统,酸奶酪,军事*战争幻想,连载中,活着其实挺不容易的，这是刘基穿越到了一个类似古代的动乱世界里，最为真实的感受。可是在刘基拥有了一个匪夷所思的中华武将召唤系统之后，刘基突然发现，原来自己不但可以在这个世界活的很好，而且
箭魔,明月夜色,玄幻*东方玄幻,连载中,这是一个属于弓箭手的传奇，不朽王座史上唯一的弓箭手意外陨落，降临九州，开启一条前所未有的箭道之路。世人眼中箭为小技，难成大道？我不信！我的箭可破日月铸通天之路，因为我就是箭魔！
重生欧美当大师,摇摇-欲坠,历史*架空历史,连载中,他是一个历史研究大师，他是一个音乐创作大师，他是一个电影先锋大师，他还是一个公认的发明家，他还是公认的国际关系研究学家，但是在他自己的心
1984之狂潮,再次等候,都市*都市生活,连载中,前世为白手起家的商界大鳄。重生后，对个人财富和享受，少了许多追求动力。只想弥补自己亲情、感情、知识等等遗憾。却突然发觉自己处在神州大时代狂潮。面对一
超凡世界,资产暴增,玄幻*东方玄幻,连载中,地球少年江云卷入了一个神秘的超凡世界之中，获得了超凡之力，并且开始在地球以及一个个超凡世界，开启了自己追逐巅峰的超凡旅程。VIP群：262012178。全订阅可入，要验证。
梦幻西游大主播,懵比的小提莫,游戏*游戏主播,连载中,叶健是一位普通的梦幻西游玩家，在穿越后，他发现原本的将军令竟然变成了一个神奇的U盘！打书炼妖、资源鉴定，这些搏几率的玩意，担架还是逆袭统统由他说了算！晚秋、半夏、冥想…这些
异世之召唤文臣猛将,酒池醉,玄幻*王朝争霸,连载中,存在于历史长河里的英魂从未熄灭，一个能摘星拿月、颠倒乾坤的武道大世界。穿越异世将华夏历史中的英魂们呼唤出世，力拔山兮楚霸王、神力盖天李元霸、天下无双吕奉先、多智近妖诸葛亮......
神级巫医在都市,五志,仙侠*现代修真,连载中,身怀巫医传承系统，拥有惊世医术，人鬼妖神个个能医！“定神香，能宁心安神，增强记忆力和思维活力，一盒一万绝不打折！”“养容丹，能让青春常驻，美肤养颜，十万块钱一颗，限量供应欲
重生之俗人一枚,瞎半身,都市*都市生活,连载中,这个世界上，没有什么是金钱解决不了的。一百万不行，那就一千万。一千万不行，那就一个亿。一个亿不行，那就再加一个亿，做了他！俗人社会，俗人当道，金钱为
一切从贞子开始,黄泉落日,科幻*时空穿梭,连载中,那一年，J还游荡在街头，没有和K探员迎来宿命的相遇……那一年，草薙京还没躺在冰冷的研究所里，依旧热血的迎接着一次次的挑战……那一年，托尼斯塔克依旧浪迹在花丛当中，没有穿上属
公子千秋,府天,历史*架空历史,连载中,一场劫火之后，越千秋被草根出身，子孙满堂的越老太爷抱回了家。这个天下有世家，也有自以为清高正确的书生。这个天下有江湖，也有不甘仰朝廷鼻息的门派。儒以文乱法，侠以
我是杀毒软件,懒鸟,玄幻*高武世界,连载中,我游走在黑暗与光明之间，杀戮是我的挚友，邪恶是我的仆从，白骨累累化作我的权杖，鲜血殷殷染红我的披风，阴冷双翼所过之处，死亡的哭号必将震天动地！我是死神。同时也是一个杀毒软件
英雄联盟：领袖之勋,爱开大差,游戏*电子竞技,连载中,这是一个传奇选手的故事。从外援做起，重回职业巅峰。
三国之熙皇,名武,历史*秦汉三国,连载中,我为袁绍二子，袁熙。醒掌天下权，醉卧美人膝，英雄无悔，枭雄无泪，乱世之中，唯有兵戈才能赢得尊严，唯有冷血才能取得胜利，这天下只能有一个声音。“关羽，降还是不降”
厉害了我的原始人,竹刺无锋,玄幻*东方玄幻,连载中,叶羲醒来，发现自己来到了瑰丽而又凶残的史前世界。石炭纪的巨虫；侏罗纪的恐龙；古近纪的凶兽，竟然共同存在在这片原始大陆上！渺小的人类，只能在这些霸主的夹缝中艰难求存。
英雄监狱,黄华溢,游戏*虚拟网游,连载中,有些人注定要相聚，哪怕一个在天堂，一个在地狱。玫瑰监狱，现实世界第一监狱！这里关押着全球最顶尖的罪犯，商界精英、政界巨头、超级黑客、甚至是核武器专家都能在这里找到，带领这样一群人进入虚拟世界，
末世之深渊召唤师,凉心未暖,科幻*末世危机,连载中,深渊。这是这片土地的名字。无限层面的无底深渊。这里是无穷无尽，令人窒息的恐怖之地。这里是环境极其恶劣，生命极其危险之地。这里是毫无道德伦理，永不停歇的杀戮之地。这里是从没友
龙组兵王,尘风,军事*谍战特工,完本,【超级火爆】大英有军情处六处，M国有CIA，而夏国则有龙组，他们被誉为是东方的神秘力量。一个被淘汰录取的尖兵再次出现在龙组的名单上时，没有人注意到，这个不起眼的家伙才是整个龙组最难对付
黑暗大纪元,妖仙公子,科幻*末世危机,连载中,末日降临，拉开了一场地球人类黑暗血腥的进化纪元。这一世，秦天戈发誓要做那星空百族最强者！一个个恐怖的人类禁区，人类踏入必死？开玩笑，这一世看我踏平那些禁区，改造成人类的后花
随身带着星际争霸,暴兵对A,科幻*未来世界,连载中,一觉醒来，唐方穿越到253年后的星河时代，成为一名前线炮灰士兵。他发现自己竟然随身带着一款即时战略游戏《星际争霸2》的三族基地。更让他欣喜若狂的是，他能够召唤游戏空间里建造
绿洲中的领主,济府老赵,游戏*游戏异界,连载中,成袋的盐、香料还有糖从商店里一直堆到街上，满载的商人们赶着马车来来往往。空气中弥漫着各式香料糅合而成的芬芳。这是绿洲旁的繁华城市，捶打声和织布机声此起彼伏，工匠们的作坊里生意热火朝天。
武侠世界大冒险,五方行尽,游戏*游戏异界,连载中,遍战山河九万里，剑行天涯三千界。一人独行，横断苍穹，问苍生孰为敌手？……V群：296442876，进群需截图验证。普通群：289950291。
海贼之最强附身,无敌青衣,二次元*衍生同人,完本,穿越海贼世界，居然成为了罗杰的弟弟。无法想象五十多岁的罗杰，居然还会有一个十几岁的弟弟。但是哥哥成为海贼王，弟弟却毫无才能。好在十六岁的时候，他居然发现自己身上
美漫世界霸王轨迹,驿路羁旅,奇幻*另类幻想,连载中,在混乱哥谭的黑暗迷雾中，他是带来鲜血的赤红魔鬼，他罪恶！在彷徨迷茫的变种人社会里，他是异军突起的第三领袖，他执拗！在盾与蛇的无尽纠缠中，他是影响战争的冷酷利剑，他坚定！
席卷天下,荣誉与忠诚,历史*两晋隋唐,连载中,东汉末年诸侯混战，多少英雄故事不过是为了争权夺利互相攻伐，他们或许只看见站在高处手握生杀的权利，却不见耗尽了民族的精血。随着司马氏篡夺天下，八王之乱为胡人打开了南下的大门，中原大地迎来
二次元之真理之门,明镜依非台,二次元*衍生同人,连载中,穿越二次元，身附真理之门，穿梭无尽世界，目标成就至高神！！陈安夏一觉醒来却发现世界已经变了，自己重生到了二次元的世界，在灵魂深处还有一道门“什么，竟然是真理之门！？”
超品巫师,九灯和善,都市*都市生活,连载中,十几年前，一个叫《爸爸在这儿》的节目几位父亲带着萌萌哒的小女孩走进了一个偏僻的小山村而一位山村小道士混入了其中。 十几年后，一个在道观长大却得到巫师传承的青年带着一条老黄狗
尊上,九哼,玄幻*东方玄幻,连载中,上古终结之时，诸天浩劫降临，天道开始审判世间一切罪恶威震三千大世界的一代传奇霸主古清风，因其一身罪恶，遭天道审判当古清风在自己的陵园苏醒，他名字早已成为上古时代那些传奇故事
无限十万年,无量摩诃,科幻*时空穿梭,连载中,当轮回空间降临现实，人类历史进入新的纪元。十万年后的学校教授的不再是数理化，而是各种生存战斗知识，高考将决定你的人生前途。叶青从轮回空间降临前夕穿越到十万年后，面对陌生的时
重生九二之商业大亨,落梅河,都市*都市生活,连载中,这是一个令人发指的故事，这是一个令人发指的人。不说他其它的成就，大学刚毕业，他在纳斯达克，就已经有了两家上市公司，不对，他最近又收购了一家上市公司，哦，还在计划收购另一家。
穿梭诸天,大日浴东海,玄幻*东方玄幻,连载中,穿梭诸天我为王，君临万界我称尊！剑圣、无名、独孤求败、西门吹雪，四剑无双，布下了诛仙剑阵！张三丰运转阴阳之妙，封印了仙庭！包黑子祭出了三口铡刀，铡掉了祖龙
进化之路,牛笔,二次元*原生幻想,连载中,在这个世界，人类在进化，动物在进化，植物也在进化。站在进化金字塔顶端的人，被称为神。走到进化顶点的动物植物，被称为妖。某个平行次元的2012年，古
我本港岛电影人,再来一盘菇凉,都市*都市生活,连载中,一个关于港岛电影的故事。我是吴孝祖，拍出最好的电影，享受最美好的时光。菇凉的电影院群号：36744687
